sharedProductId,n,d,c,p,reason,sourcePhoto,sourceImage
almendras-chocolate,Almendras con chocolate con leche,"Member’s Mark · Frasco 1,36 kg",Frutos secos,25500,,IMG_20261009_164901.jpg,/catalog-sources/IMG_20261009_164901.jpg
pasas-chocolate,Pasas cubiertas de chocolate,"Member’s Mark · Frasco 1,53 kg",Frutos secos,24500,,IMG_20261009_164902_1.jpg,/catalog-sources/IMG_20261009_164902_1.jpg
pobeda-madagascar,Chocolate Pobeda Madagascar,Chocolate negro · 55 % cacao · Tableta,Alimentos,3300,,IMG_20261009_164905_1.jpg,/catalog-sources/IMG_20261009_164905_1.jpg
pobeda-ecuador,Chocolate Pobeda Ecuador,Chocolate con leche · 45 % cacao · Tableta,Alimentos,3500,,IMG_20261009_164905_1.jpg,/catalog-sources/IMG_20261009_164905_1.jpg
pobeda-cote-ivoire,Chocolate Pobeda Côte d’Ivoire,Chocolate negro · 60 % cacao · Tableta,Alimentos,3700,,IMG_20261009_164905_1.jpg,/catalog-sources/IMG_20261009_164905_1.jpg
lacasa-menta,Chocolate negro con menta Lacasa,70 % cacao · Tableta,Alimentos,3900,,IMG_20261009_164907_1.jpg,/catalog-sources/IMG_20261009_164907_1.jpg
bentons-fresa,Mini galletas Benton's de fresa,Strawberry Mini Fudge Dipped Cookie Bites · Bolsa,Alimentos,5000,,IMG_20261009_164913_1.jpg,/catalog-sources/IMG_20261009_164913_1.jpg
bentons-arandano,Mini galletas Benton's de arándano y limón,Blueberry Lemon Mini Fudge Dipped Cookie Bites · Bolsa,Alimentos,5000,,IMG_20261009_164913_1.jpg,/catalog-sources/IMG_20261009_164913_1.jpg
choceur-cups,Chocolate Choceur con mantequilla de maní,Milk Chocolate Peanut Butter Cups · Bolsa,Alimentos,5600,,IMG_20261009_164915_1.jpg,/catalog-sources/IMG_20261009_164915_1.jpg
mounds,Chocolates Mounds de coco,Paquete de 4 barras snacksize,Alimentos,2500,,IMG_20261009_164918_1.jpg,/catalog-sources/IMG_20261009_164918_1.jpg
milky-way,Chocolate Milky Way,"Chocolate con leche, caramelo y nougat · 48 g",Alimentos,2500,,IMG_20261009_164921.jpg,/catalog-sources/IMG_20261009_164921.jpg
papel-excelencia,Papel higiénico La Excelencia,Super Suave · 4 rollos · 2 capas,Aseo,1250,,IMG_20261009_164927_1.jpg,/catalog-sources/IMG_20261009_164927_1.jpg
members-pacs,Cápsulas de detergente Member's Mark,Laundry Power Pacs · Blooming Breeze · 65 unidades,Aseo,21000,,IMG_20261009_164933.jpg,/catalog-sources/IMG_20261009_164933.jpg
tide-spring,Cápsulas de detergente Tide Spring Meadow,Pods · Bolsa,Aseo,19000,,IMG_20261009_164936_1.jpg,/catalog-sources/IMG_20261009_164936_1.jpg
gain-original-grande,Cápsulas de detergente Gain Original,Bolsa grande · Vista del envase disponible,Aseo,18700,,IMG_20261009_164936_1.jpg,/catalog-sources/IMG_20261009_164936_1.jpg
tide-oxi,Cápsulas Tide Ultra Oxi,Power Pods · Bolsa 757 g,Aseo,9000,,IMG_20261009_164939.jpg,/catalog-sources/IMG_20261009_164939.jpg
gain-suavizante,Suavizante Gain Original,Fabric Softener · 306 mL,Aseo,5000,,IMG_20261009_164949_1.jpg,/catalog-sources/IMG_20261009_164949_1.jpg
magali-mora,Gel de baño Magali Mora,Blackberry · Botella,Aseo,2300,,IMG_20261009_164957_1.jpg,/catalog-sources/IMG_20261009_164957_1.jpg
snonas-candy,Gel de baño S'nonas Candy Shop,Botella,Aseo,3300,,IMG_20261009_164957_1.jpg,/catalog-sources/IMG_20261009_164957_1.jpg
snonas-honey,Colonia S'nonas Fraîche amarilla,Botella 750 mL,Aseo,3300,,IMG_20261009_164957_1.jpg,/catalog-sources/IMG_20261009_164957_1.jpg
dicora-avena,Gel de baño Dicora Yogurt y Avena,Urban Fit · Shower Cream · 400 mL,Aseo,4200,,IMG_20261009_165004.jpg,/catalog-sources/IMG_20261009_165004.jpg
dicora-citrus,Gel de baño Dicora Citrus y Peach,Urban Fit · 400 mL,Aseo,4200,,IMG_20261009_165004.jpg,/catalog-sources/IMG_20261009_165004.jpg
snonas-body,Crema corporal S'nonas PH,Body Milk Hidratante · 1.000 mL,Aseo,3350,,IMG_20261009_165004.jpg,/catalog-sources/IMG_20261009_165004.jpg
snonas-coco-pina,Gel de baño S'nonas Coco y Piña,Botella 750 mL,Aseo,3850,,IMG_20261009_165004.jpg,/catalog-sources/IMG_20261009_165004.jpg
peine-flexys,Peine antipiojos Flexys,Peine de doble cara · 1 unidad,Aseo,1000,,IMG_20261009_165013_1.jpg,/catalog-sources/IMG_20261009_165013_1.jpg
balsamos-paul-frank,Bálsamos labiales Paul Frank,Set de 6 piezas,Aseo,2000,,IMG_20261009_165016_1.jpg,/catalog-sources/IMG_20261009_165016_1.jpg
ventilador-pure-silk,Mini ventilador Pure Silk,Portátil · Funciona con pilas,Accesorios,4800,,IMG_20261009_165019_1.jpg,/catalog-sources/IMG_20261009_165019_1.jpg
nordic-ar,Perlas aromáticas Nordic Air,In-wash Fragrance Booster · 297 g,Aseo,4500,,IMG_20261009_165026_1.jpg,/catalog-sources/IMG_20261009_165026_1.jpg
un-n09,Perlas aromáticas Un N.09,Laundry Scent Booster · Fine Pine,Aseo,7500,,IMG_20261009_165026_1.jpg,/catalog-sources/IMG_20261009_165026_1.jpg
ohmy-azul,Champú Oh My azul,Antiqueda · 300 mL,Aseo,3450,,IMG_20261009_165026_1.jpg,/catalog-sources/IMG_20261009_165026_1.jpg
ohmy-rojo,Champú Oh My rojo,Desmaia · 300 mL,Aseo,3450,,IMG_20261009_165026_1.jpg,/catalog-sources/IMG_20261009_165026_1.jpg
febreze-luxe,Ambientador Febreze Luxe,Air · Summer Golden Hour,Aseo,6000,,IMG_20261009_165026_1.jpg,/catalog-sources/IMG_20261009_165026_1.jpg
salud-salfuman,Aguafuerte La Salud Salfumán,Botella negra · Cierre blanco,Aseo,2900,,IMG_20261009_165036.jpg,/catalog-sources/IMG_20261009_165036.jpg
salud-multiusos,Multiusos y limpiacristales La Salud,2 en 1 · Botella de líquido azul,Aseo,2900,,IMG_20261009_165039_1.jpg,/catalog-sources/IMG_20261009_165039_1.jpg
salud-antical-spray,Antical La Salud Brillo Total,2 en 1 · Baños y duchas · Pulverizador,Aseo,4000,,IMG_20261009_165039_1.jpg,/catalog-sources/IMG_20261009_165039_1.jpg
khawla-lavavajillas,Lavavajillas Khawla,Botella blanca · Tapón verde,Aseo,1200,,IMG_20261009_165045.jpg,/catalog-sources/IMG_20261009_165045.jpg
dawn-crisp-lilac,Lavavajillas Dawn Powerwash Crisp Lilac,Recarga · 16 oz,Aseo,21500,,IMG_20261009_165050_1.jpg,/catalog-sources/IMG_20261009_165050_1.jpg
lex-wc-limp,Limpiador Lex Clean WC Limp,Desincrustante · 1 litro,Aseo,4900,,IMG_20261009_165055_1.jpg,/catalog-sources/IMG_20261009_165055_1.jpg
pano-blanco,Paño de limpieza blanco,Unidad · Medidas por confirmar,Aseo,700,,IMG_20261009_165059_1.jpg,/catalog-sources/IMG_20261009_165059_1.jpg
pano-amarillo,Paño de limpieza amarillo,Unidad · Medidas por confirmar,Aseo,1150,,IMG_20261009_165059_1.jpg,/catalog-sources/IMG_20261009_165059_1.jpg
nature-cinnamon,Enjuague bucal Nature Fresh Cinnamon,532 mL,Aseo,4000,,IMG_20261009_165106_1.jpg,/catalog-sources/IMG_20261009_165106_1.jpg
nature-spearmint,Enjuague bucal Nature Fresh Spearmint,710 mL,Aseo,4500,,IMG_20261009_165106_1.jpg,/catalog-sources/IMG_20261009_165106_1.jpg
mister-pack-congelacion,Bolsas para congelación Mister Pack,15 bolsas · 28 × 42 cm · 6 L,Accesorios,1000,,IMG_20261009_165110_1.jpg,/catalog-sources/IMG_20261009_165110_1.jpg
mical-film,Film transparente Mical,Rollo de 30 m,Accesorios,2500,,IMG_20261009_165106_1.jpg,/catalog-sources/IMG_20261009_165106_1.jpg
alfa-molinillos,Molinillos de sal y pimienta Alfa,Set de 2 piezas · Verde,Accesorios,4400,,IMG_20261009_165114.jpg,/catalog-sources/IMG_20261009_165114.jpg
summers-eve-fresh,Summer’s Eve Fresh Scent,Caja · Presentación visible,Aseo,1350,,IMG_20261009_165120.jpg,/catalog-sources/IMG_20261009_165120.jpg
vapour-rub,Vapour Rub Green Stick,Frasco · Family Value Pack,Aseo,1100,,IMG_20261009_165120.jpg,/catalog-sources/IMG_20261009_165120.jpg
bastoncillos-grandes,Bastoncillos de algodón,Envase redondo grande · Cantidad no legible,Aseo,700,,IMG_20261009_165123_1.jpg,/catalog-sources/IMG_20261009_165123_1.jpg
palillos,Palillos de madera,Envase con tapa decorada · Colores surtidos,Accesorios,700,,IMG_20261009_165123_1.jpg,/catalog-sources/IMG_20261009_165123_1.jpg
truearth-spring,Detergente en tiras Net Zero Co by Tru Earth,Spring Breeze · 20 tiras,Aseo,4500,,IMG_20261009_165128.jpg,/catalog-sources/IMG_20261009_165128.jpg
belle-france-antitransfert,Toallitas antitransferencia Belle France,Caja de 25 unidades,Aseo,3000,,IMG_20261009_165128.jpg,/catalog-sources/IMG_20261009_165128.jpg
harmony-lemon,Jabón Harmony Lemon,Fruit series · Una pastilla en envoltorio,Aseo,450,,IMG_20261009_165138.jpg,/catalog-sources/IMG_20261009_165138.jpg
parex-s,Bolsas de basura Parex S,20 L · 40 × 50 cm · 20 bolsas,Aseo,1750,,IMG_20261009_165144.jpg,/catalog-sources/IMG_20261009_165144.jpg
parex-m,Bolsas de basura Parex M,35 L · 55 × 60 cm · 30 bolsas,Aseo,2500,,IMG_20261009_165144.jpg,/catalog-sources/IMG_20261009_165144.jpg
happy-baby-soap,Jabón Happy Baby,Cream soap · Manzanilla y sumac · Caja,Aseo,2500,,IMG_20261009_165150.jpg,/catalog-sources/IMG_20261009_165150.jpg
amber-sugar-cookie,Desodorante Amber Sugar Cookie,60 g · Envase rosa,Aseo,3500,,IMG_20261009_165157.jpg,/catalog-sources/IMG_20261009_165157.jpg
rose-honey,Toallitas húmedas Rose Honey y Camomile,Paquete con tapa rígida · Cantidad no legible,Aseo,1100,,IMG_20261009_165200.jpg,/catalog-sources/IMG_20261009_165200.jpg
ronza-lemon,Toallitas húmedas Ronza Lemon,Paquete de 15 unidades,Aseo,500,,IMG_20261009_165200.jpg,/catalog-sources/IMG_20261009_165200.jpg
astera-kids,Pasta dental Astera Kids,Ice cream · Caja,Aseo,1500,,IMG_20261009_165203.jpg,/catalog-sources/IMG_20261009_165203.jpg
colgate-advanced,Pasta dental Colgate Advanced White,100 mL · 140 g,Aseo,1300,,IMG_20261009_165207.jpg,/catalog-sources/IMG_20261009_165207.jpg
colgate-triple,Pasta dental Colgate Triple Action,100 mL,Aseo,1200,,IMG_20261009_165207.jpg,/catalog-sources/IMG_20261009_165207.jpg
futuro-pitillos-200,Pitillos biodegradables Futuro,Paquete de 200 unidades,Accesorios,3000,,IMG_20261009_165214.jpg,/catalog-sources/IMG_20261009_165214.jpg
veslee-aerosol,Pintura en aerosol Veslee,Envase con tapa roja,Accesorios,2000,,IMG_20261009_165214.jpg,/catalog-sources/IMG_20261009_165214.jpg
tfs-utensilios-3,Set de utensilios TFS,Blíster de 3 piezas,Accesorios,1250,,IMG_20261009_165214.jpg,/catalog-sources/IMG_20261009_165214.jpg
durian-cepillos-5,Cepillos dentales Durian,Paquete de 5 unidades,Aseo,2000,,IMG_20261009_165222.jpg,/catalog-sources/IMG_20261009_165222.jpg
hilo-dental,Hilo dental Morgem,Blíster individual,Aseo,550,,IMG_20261009_165219.jpg,/catalog-sources/IMG_20261009_165219.jpg
magali-avena,Jabón de manos Magali Avena,Envase con dispensador,Aseo,1800,,IMG_20261009_165227.jpg,/catalog-sources/IMG_20261009_165227.jpg
personal-care-afeitar,Crema de afeitar Personal Care Men,Extra Thick Regular · 283 g,Aseo,4000,,IMG_20261009_165236.jpg,/catalog-sources/IMG_20261009_165236.jpg
xtracare-afeitar,Crema de afeitar XtraCare,Sensitive Skin,Aseo,3000,,IMG_20261009_165236.jpg,/catalog-sources/IMG_20261009_165236.jpg
viking-sensitive,Espuma de afeitar Viking,Sensitive · Envase blanco,Aseo,4000,,IMG_20261009_165242.jpg,/catalog-sources/IMG_20261009_165242.jpg
tango-verde,Espuma de afeitar Tango,Variante de envase verde,Aseo,1200,,IMG_20261009_165242.jpg,/catalog-sources/IMG_20261009_165242.jpg
febreze-plug,Dispositivo Febreze Plug,Dispositivo en blíster,Aseo,5000,,IMG_20261009_165247.jpg,/catalog-sources/IMG_20261009_165247.jpg
stinky-bowl-citrus,Gel para inodoro Stinky Bowl,Citrus · Dispensador y 12 aplicaciones,Aseo,4000,,IMG_20261009_165247.jpg,/catalog-sources/IMG_20261009_165247.jpg
luv-fresh-tropic,Crema de manos LuvFresh Tropic Garden,30 ml · Blíster individual,Aseo,5500,,IMG_20261009_165247.jpg,/catalog-sources/IMG_20261009_165247.jpg
suavitel-hojas,Hojas suavizantes Suavitel,Field Flowers · Caja de 20 hojas,Aseo,4000,,IMG_20261009_165257.jpg,/catalog-sources/IMG_20261009_165257.jpg
pure-silk-mini,Mini plancha de cabello Pure Silk,Presentación en caja,Accesorios,5700,,IMG_20261009_165257.jpg,/catalog-sources/IMG_20261009_165257.jpg
nevada-strawberry,Mascarilla facial Nevada Strawberry,Sobre individual,Aseo,1000,,IMG_20261009_165303.jpg,/catalog-sources/IMG_20261009_165303.jpg
goraw-chili-lime,Semillas Go Raw Chili Lime,Organic Snacking Seeds,Frutos secos,250,,IMG_20261009_165328.jpg,/catalog-sources/IMG_20261009_165328.jpg
aldi-gummy-worms,Gomitas ALDI Gummy Sour Worms,Variety · Bolsa,Alimentos,3500,,IMG_20261009_165333.jpg,/catalog-sources/IMG_20261009_165333.jpg
sour-punch-banana,Sour Punch Bites Banana,Bolsa,Alimentos,1350,,IMG_20261009_165333.jpg,/catalog-sources/IMG_20261009_165333.jpg
actii-butter-lovers,Palomitas ACT II Butter Lovers,Paquete para microondas,Alimentos,700,,IMG_20261009_165337.jpg,/catalog-sources/IMG_20261009_165337.jpg
dove-pudding,Pudín Dove Milk Chocolate,Pudding & Pie Filling · Caja,Alimentos,3500,,IMG_20261009_165341.jpg,/catalog-sources/IMG_20261009_165341.jpg
boom-frutos-rojos,Gelatina Boom Frutos Rojos,Caja de 3 sobres · 120 g,Alimentos,1550,,IMG_20261009_165345.jpg,/catalog-sources/IMG_20261009_165345.jpg
macrofood-pina,Gelatina Macro Food Piña,Caja de 100 g,Alimentos,1280,,IMG_20261009_165347.jpg,/catalog-sources/IMG_20261009_165347.jpg
oli-pina,Gelatina Oli Piña,Baldom · Caja de 85 g,Alimentos,530,,IMG_20261009_165353.jpg,/catalog-sources/IMG_20261009_165353.jpg
quaker-granola,Granola Quaker Simply Granola,"Oats, Honey, Raisins & Almonds · 1,95 kg",Alimentos,15500,,IMG_20261009_165401.jpg,/catalog-sources/IMG_20261009_165401.jpg
kirkland-cashew-clusters,Kirkland Cashew Clusters,Almendras y semillas de calabaza · 907 g,Frutos secos,22000,,IMG_20261009_165401.jpg,/catalog-sources/IMG_20261009_165401.jpg
nutrail-cinnamon,Granola NuTrail Cinnamon Pecan,Nut Granola · 624 g,Alimentos,19000,,IMG_20261009_165401.jpg,/catalog-sources/IMG_20261009_165401.jpg
purely-cookie-granola,Granola Purely Elizabeth Chocolate Chip,Cookie Granola · Bolsa,Alimentos,15000,,IMG_20261009_165401.jpg,/catalog-sources/IMG_20261009_165401.jpg
jif-creamy,Crema de maní Jif Creamy,"Frasco de 1,36 kg",Frutos secos,15000,,IMG_20261009_165407.jpg,/catalog-sources/IMG_20261009_165407.jpg
kirkland-peanuts,Maní Kirkland Super Extra-Large,"Roasted & Salted · Lata de 1,13 kg",Frutos secos,18000,,IMG_20261009_165407.jpg,/catalog-sources/IMG_20261009_165407.jpg
southern-cocktail,Maní Southern Grove Cocktail,With Sea Salt · Lata de 454 g,Frutos secos,7000,,IMG_20261009_165407.jpg,/catalog-sources/IMG_20261009_165407.jpg
southern-honey,Maní Southern Grove Honey Roasted,Frasco con tapa amarilla,Frutos secos,6500,,IMG_20261009_165407.jpg,/catalog-sources/IMG_20261009_165407.jpg
wellsley-peanut-mix,Wellsley Farms Peanut Butter Lovers,"Trail Mix · Bolsa de 1,13 kg",Frutos secos,19500,,IMG_20261009_165412.jpg,/catalog-sources/IMG_20261009_165412.jpg
southern-tropical,Southern Grove Tropical Trail Mix,Bolsa,Frutos secos,10500,,IMG_20261009_165412.jpg,/catalog-sources/IMG_20261009_165412.jpg
southern-cajun,Southern Grove Sweet & Spicy Cajun,Trail Mix · Bolsa,Frutos secos,11000,,IMG_20261009_165412.jpg,/catalog-sources/IMG_20261009_165412.jpg
southern-indulgent,Southern Grove Indulgent Trail Mix,Bolsa,Frutos secos,10500,,IMG_20261009_165412.jpg,/catalog-sources/IMG_20261009_165412.jpg
gv-cranberry-mix,"Great Value Cranberry, Cashew & Almond",Trail Mix · 680 g,Frutos secos,13000,,IMG_20261009_165423.jpg,/catalog-sources/IMG_20261009_165423.jpg
gv-chocolate-peanut-mix,Great Value Chocolate Peanut Butter,Trail Mix · 624 g,Frutos secos,13500,,IMG_20261009_165423.jpg,/catalog-sources/IMG_20261009_165423.jpg
gv-probiotic-mix,Great Value Probiotic Trail Mix,Bolsa de 680 g,Frutos secos,13000,,IMG_20261009_165423.jpg,/catalog-sources/IMG_20261009_165423.jpg
members-pistachios,Pistachos Member’s Mark,"Roasted California · Sea Salt · 1,36 kg",Frutos secos,35000,,IMG_20261009_165430.jpg,/catalog-sources/IMG_20261009_165430.jpg
wonderful-pistachios-454,Pistachos Wonderful sin cáscara,Roasted & Salted · Bolsa de 454 g,Frutos secos,25500,,IMG_20261009_165430.jpg,/catalog-sources/IMG_20261009_165430.jpg
wonderful-pistachios-340,Pistachos Wonderful sin cáscara,Roasted & Salted · Bolsa de 340 g,Frutos secos,18000,,IMG_20261009_165430.jpg,/catalog-sources/IMG_20261009_165430.jpg
wonderful-pepper,Pistachos Wonderful Sea Salt & Pepper,Sin cáscara · Bolsa de 311 g,Frutos secos,18000,,IMG_20261009_165430.jpg,/catalog-sources/IMG_20261009_165430.jpg
barilla-pesto,Pesto Barilla alla Genovese,Frasco · Albahaca,Conservas,2500,,IMG_20261009_165913.jpg,/catalog-sources/IMG_20261009_165913.jpg
trader-olive-pesto,Trader Joe’s Olive and Basil Pesto,Frasco de 180 g,Conservas,4200,,IMG_20261009_165913.jpg,/catalog-sources/IMG_20261009_165913.jpg
trader-basil-pesto,Trader Joe’s Basil Pesto Sauce,Frasco de 190 g,Conservas,4700,,IMG_20261009_165916.jpg,/catalog-sources/IMG_20261009_165916.jpg
huerta-pepinos,Pepinos grandes La Huerta de al Lado,En vinagre · Frasco,Conservas,1700,,IMG_20261009_165916.jpg,/catalog-sources/IMG_20261009_165916.jpg
huerta-cocktail,Cóctel de encurtidos La Huerta de al Lado,345 g · Peso escurrido 180 g,Conservas,1700,,IMG_20261009_165920.jpg,/catalog-sources/IMG_20261009_165920.jpg
huerta-banderillas,Banderillas La Huerta de al Lado,Frasco de encurtidos en pinchos,Conservas,1700,,IMG_20261009_165920.jpg,/catalog-sources/IMG_20261009_165920.jpg
vima-negras,Aceitunas negras sin hueso Vima,Contenido neto 1.820 g · Escurrido 930 g,Conservas,13000,,IMG_20261009_165924.jpg,/catalog-sources/IMG_20261009_165924.jpg
vima-alinadas,Aceitunas verdes aliñadas Vima,Frasco grande,Conservas,12500,,IMG_20261009_165928.jpg,/catalog-sources/IMG_20261009_165928.jpg
qbanito-cebollitas,Cebollitas Qbanito,Contenido neto 230 g · Escurrido 120 g,Conservas,1600,,IMG_20261009_165932.jpg,/catalog-sources/IMG_20261009_165932.jpg
didi-peras,Peras Didi en almíbar ligero,Mitades · Lata,Conservas,700,,IMG_20261009_165932.jpg,/catalog-sources/IMG_20261009_165932.jpg
tom-frijol-cocido,Frijoles colorados cocidos Tom Food,Lata,Conservas,1750,,IMG_20261009_165935.jpg,/catalog-sources/IMG_20261009_165935.jpg
fairhill-maiz,Maíz dulce Fairhill Farms,Whole Kernel · Lata de 432 g,Conservas,1800,,IMG_20261009_165935.jpg,/catalog-sources/IMG_20261009_165935.jpg
fairhill-vegetales,Vegetales mixtos Fairhill Farms,Mixed Vegetables · Lata de 425 g,Conservas,1450,,IMG_20261009_165940.jpg,/catalog-sources/IMG_20261009_165940.jpg
fairhill-frutas,Cóctel de frutas Fairhill Farms,En jugo de fruta · Lata de 425 g,Conservas,2300,,IMG_20261009_165940.jpg,/catalog-sources/IMG_20261009_165940.jpg
delcampo-colorados,Frijoles colorados Del Campo,Bolsa de 1 lb,Alimentos,1600,,IMG_20261009_165949.jpg,/catalog-sources/IMG_20261009_165949.jpg
energy-negros,Frijoles negros Energy,Bolsa de 1 kg,Alimentos,1300,,IMG_20261009_165953.jpg,/catalog-sources/IMG_20261009_165953.jpg
happyone-adulto,Alimento para perros HappyOne Adulto,Con pollo · Bolsa de 4 kg,Mascotas,18700,,IMG_20261009_171633.jpg,/catalog-sources/IMG_20261009_171633.jpg
coca-cola-355,Coca-Cola Original,Lata de 355 mL,Bebidas,1200,,IMG_20261009_165625.jpg,/catalog-sources/IMG_20261009_165625.jpg
koffio-vainilla,Café con leche Koffo Vanilla,Lata · Vainilla,Bebidas,500,,IMG_20261009_165627_1.jpg,/catalog-sources/IMG_20261009_165627_1.jpg
pepsi-lata,Pepsi,Lata,Bebidas,1150,,IMG_20261009_165627_1.jpg,/catalog-sources/IMG_20261009_165627_1.jpg
tigon-energy,Tigon Energy Drink,Lata,Bebidas,1000,,IMG_20261009_165627_1.jpg,/catalog-sources/IMG_20261009_165627_1.jpg
kurtz-mayonesa,Mayonesa Kurtz Real,Frasco de 887 mL,Alimentos,5000,,IMG_20261009_165856_1.jpg,/catalog-sources/IMG_20261009_165856_1.jpg
hollandpark-mayonesa,Mayonesa HollandPark,Frasco,Alimentos,3000,,IMG_20261009_165856_1.jpg,/catalog-sources/IMG_20261009_165856_1.jpg
ayala-mayonesa,Mayonesa Ayala Tradicional,Frasco · Sabor tradicional,Alimentos,2650,,IMG_20261009_165853_1.jpg,/catalog-sources/IMG_20261009_165853_1.jpg
jolyni-spaghetti,Espaguetis Jolyni,Bolsa de 450 g,Alimentos,600,,IMG_20261009_165656.jpg,/catalog-sources/IMG_20261009_165656.jpg
primo-linguine,Linguine Primo,Bolsa de 900 g,Alimentos,1050,,IMG_20261009_165714.jpg,/catalog-sources/IMG_20261009_165714.jpg
italpasta-pennine,Pennine Rigate Italpasta,Bolsa de 900 g,Alimentos,1050,,IMG_20261009_165741.jpg,/catalog-sources/IMG_20261009_165741.jpg
socheezy-macaroni,Macarrones con queso So Cheezy,Original · Caja de 206 g,Alimentos,1050,,IMG_20261009_165824_1.jpg,/catalog-sources/IMG_20261009_165824_1.jpg
aldaketa-mostaza,Mostaza Aldaketa,Botella,Alimentos,1500,,IMG_20261009_165830.jpg,/catalog-sources/IMG_20261009_165830.jpg
azotea-mostaza,Mostaza Azotea Original,Botella,Alimentos,2000,,IMG_20261009_165830.jpg,/catalog-sources/IMG_20261009_165830.jpg
kurtz-mostaza,Mostaza Kurtz Yellow,Botella de 567 g,Alimentos,1400,,IMG_20261009_165830.jpg,/catalog-sources/IMG_20261009_165830.jpg
vima-mostaza,Mostaza Vima,Botella de 1.850 g,Alimentos,4300,,IMG_20261009_165830.jpg,/catalog-sources/IMG_20261009_165830.jpg
kurtz-italian,Aderezo Kurtz Zesty Italian,Botella,Alimentos,2300,,IMG_20261009_165834.jpg,/catalog-sources/IMG_20261009_165834.jpg
bullseye-original,Salsa BBQ Bull’s-Eye Everyday,Original · Botella de 507 g,Alimentos,6000,,IMG_20261009_165834.jpg,/catalog-sources/IMG_20261009_165834.jpg
burmans-spicybrown,Mostaza Burman’s Spicy Brown,Botella de 340 g,Alimentos,2200,,IMG_20261009_165834.jpg,/catalog-sources/IMG_20261009_165834.jpg
jade-soya,Salsa de soya Jade Dragon,Botella de 356 mL,Alimentos,2200,,IMG_20261009_165846.jpg,/catalog-sources/IMG_20261009_165846.jpg
sakura-soya,Salsa de soya Sakura Tradicional,Botella de 500 mL,Alimentos,1000,,IMG_20261009_165846.jpg,/catalog-sources/IMG_20261009_165846.jpg
castelo-italiano,Aderezo Castelo Italiano,Botella de 236 mL,Alimentos,700,,IMG_20261009_165840.jpg,/catalog-sources/IMG_20261009_165840.jpg
countrybarn-french,Aderezo Country Barn French,Botella de 473 mL,Alimentos,1750,,IMG_20261009_165840.jpg,/catalog-sources/IMG_20261009_165840.jpg
burmans-dill-mayo,Aderezo de mayonesa Burman’s Dill,Botella de 354 mL,Alimentos,5500,,IMG_20261009_165851.jpg,/catalog-sources/IMG_20261009_165851.jpg
friend-brava,Salsa Brava Friend Cook,Botella de 330 mL,Alimentos,1800,,IMG_20261009_165851.jpg,/catalog-sources/IMG_20261009_165851.jpg
friend-barbacoa,Salsa Barbacoa Friend Cook,Grill Texas BBQ · Botella de 330 mL,Alimentos,2000,,IMG_20261009_165851.jpg,/catalog-sources/IMG_20261009_165851.jpg
trader-truffle-aioli,Alioli de trufa Trader Joe’s,Vegan · Frasco de 285 g,Alimentos,7000,,IMG_20261009_165853_1.jpg,/catalog-sources/IMG_20261009_165853_1.jpg
kurtz-relish,Kurtz Sweet Relish,Frasco de 473 mL,Conservas,1550,,IMG_20261009_165853_1.jpg,/catalog-sources/IMG_20261009_165853_1.jpg
huerta-alcaparras,Alcaparras La Huerta de al Lado,En vinagre · Frasco,Conservas,1600,,IMG_20261009_165910.jpg,/catalog-sources/IMG_20261009_165910.jpg
lasota-alcaparras,Alcaparras La Sota,Contenido neto 100 g · Escurrido 60 g,Conservas,1600,,IMG_20261009_165910.jpg,/catalog-sources/IMG_20261009_165910.jpg
homebright-verde,Perlas aromáticas Homebright Moonlight Fresh,Moonlight Fresh · Perlas aromáticas para lavandería,Aseo,4400,,IMG_20261009_165026_1.jpg,/catalog-sources/IMG_20261009_165026_1.jpg
delcampo-lentejas,Lentejas Del Campo,Bolsa · Lentejas secas,Alimentos,1400,,IMG_20261009_165959.jpg,/catalog-sources/IMG_20261009_165959.jpg
delcampo-negros,Frijoles negros Del Campo,Bolsa de1lb · Frijoles negros secos,Alimentos,1600,,IMG_20261009_165949.jpg,/catalog-sources/IMG_20261009_165949.jpg
wonderful-vinegar,Pistachos Wonderful Sea Salt & Vinegar,Sin cáscara · Bolsa de 311 g,Frutos secos,18000,,IMG_20261009_165436.jpg,/catalog-sources/IMG_20261009_165436.jpg
arroz-alfinete,Arroz blanco Alfinete,Grano largo fino · Bolsa de 1 kg,Alimentos,1300,,IMG_20261009_170008.jpg,/catalog-sources/IMG_20261009_170008.jpg
amanhecer-whitepepper,Pimienta blanca molida Amanhecer,Pimenta branca moída · Frasco,Alimentos,1450,,IMG_20261009_170217.jpg,/catalog-sources/IMG_20261009_170217.jpg
bauducco-maria,Galletas María Bauducco,Maria Cookies · Paquete de 200 g,Alimentos,1200,,IMG_20261009_170532.jpg,/catalog-sources/IMG_20261009_170532.jpg
apti-basil,Albahaca Apti,Manjericão · Sobre de 5 g,Alimentos,500,,IMG_20261009_170254.jpg,/catalog-sources/IMG_20261009_170254.jpg
carmencita-paella,Sazonador para paella Carmencita,Paella Sazonador · Frasco,Alimentos,1700,,IMG_20261009_170254.jpg,/catalog-sources/IMG_20261009_170254.jpg
bauducco-wafer-straw,Wafer de fresa Bauducco,Strawberry · Paquete,Alimentos,1300,,IMG_20261009_170518.jpg,/catalog-sources/IMG_20261009_170518.jpg
bettergoods-granola,Granola Bettergoods Chocolate Sea Salt,Chocolate y sal marina · Bolsa de 311 g,Alimentos,6200,,IMG_20261009_165530.jpg,/catalog-sources/IMG_20261009_165530.jpg
chipsahoy,Galletas Chips Ahoy Original,Family Size · Paquete de 515 g,Alimentos,5800,,IMG_20261009_170629.jpg,/catalog-sources/IMG_20261009_170629.jpg
wonderful-dill,Pistachos Wonderful Dill Pickle,Sin cáscara · Bolsa de 311 g,Frutos secos,17000,,IMG_20261009_165436.jpg,/catalog-sources/IMG_20261009_165436.jpg
wonderful-lightly,Pistachos Wonderful Lightly Salted,Con cáscara · Bolsa de 454 g,Frutos secos,25500,,IMG_20261009_165436.jpg,/catalog-sources/IMG_20261009_165436.jpg
wonderful-pepper-shell,Pistachos Wonderful Salt & Pepper,Con cáscara · Bolsa de 454 g,Frutos secos,25500,,IMG_20261009_165436.jpg,/catalog-sources/IMG_20261009_165436.jpg
wonderful-sweetchili,Pistachos Wonderful Sweet Chili,Con cáscara · Bolsa de 454 g,Frutos secos,25500,,IMG_20261009_165436.jpg,/catalog-sources/IMG_20261009_165436.jpg
davia-passata,Passata de tomate Davia Gragnano,Botella de 680 g,Conservas,2500,,IMG_20261009_170221.jpg,/catalog-sources/IMG_20261009_170221.jpg
prego-traditional,Salsa de tomate Prego Traditional,"Value Size · Frasco de 1,9 kg",Conservas,6000,,IMG_20261009_170234.jpg,/catalog-sources/IMG_20261009_170234.jpg
tagliamonte-pomodoro,Tomates pelados enteros Tagliamonte,Lata · Pomodori Pelati Interi,Conservas,1650,,IMG_20261009_170228.jpg,/catalog-sources/IMG_20261009_170228.jpg
ourhouse-tomato,Pasta de tomate Our House,"Tomato Paste · Lata de 3,15 kg",Conservas,5000,,IMG_20261009_170225_1.jpg,/catalog-sources/IMG_20261009_170225_1.jpg
colonna-ranch,Sazonador Ranch Colonna,Ranch Seasoning · Frasco de 99 g,Alimentos,1300,,IMG_20261009_170254.jpg,/catalog-sources/IMG_20261009_170254.jpg
supreme-black-pepper,Pimienta negra molida Supreme Tradition,Black Pepper Ground · Frasco,Alimentos,2100,,IMG_20261009_170254.jpg,/catalog-sources/IMG_20261009_170254.jpg
kirkland-cashews,Anacardos orgánicos Kirkland Signature,"Sin sal y sin tostar · Bolsa de 1,13 kg",Frutos secos,28800,,IMG_20261009_165516.jpg,/catalog-sources/IMG_20261009_165516.jpg
badia-lemon,Jugo de limón Badia,"Lemon Juice · Botella de 295,74 ml",Alimentos,2100,,IMG_20261009_170306_1.jpg,/catalog-sources/IMG_20261009_170306_1.jpg
badia-mojo,Marinado Mojo Badia,"Mojo Marinade · Botella de 295,74 ml",Alimentos,1500,,IMG_20261009_170306_1.jpg,/catalog-sources/IMG_20261009_170306_1.jpg
badia-naranja,Naranja agria Badia,"Sour Orange · Botella de 295,74 ml",Alimentos,2000,,IMG_20261009_170306_1.jpg,/catalog-sources/IMG_20261009_170306_1.jpg
carbonell-balsamico,Aderezo de vinagre balsámico Carbonell,Botella de 275 ml,Alimentos,3500,,IMG_20261009_170306_1.jpg,/catalog-sources/IMG_20261009_170306_1.jpg
bentons-original-cookies,Galletas Benton’s Original Chocolate,Layered Cookies · Bolsa de 105 g,Alimentos,5500,,IMG_20261009_170609.jpg,/catalog-sources/IMG_20261009_170609.jpg
bentons-hazelnut,Galletas Benton’s Hazelnut,Avellana · 12 galletas · Bolsa de 172 g,Alimentos,5500,,IMG_20261009_170609.jpg,/catalog-sources/IMG_20261009_170609.jpg
bentons-keylime,Galletas Benton’s Cookie Thins Key Lime,Lima · Bolsa de 113 g,Alimentos,4200,,IMG_20261009_170614.jpg,/catalog-sources/IMG_20261009_170614.jpg
badia-adobo,Sazonador Adobo Badia,"Frasco de 361,4 g",Alimentos,3800,,IMG_20261009_170241.jpg,/catalog-sources/IMG_20261009_170241.jpg
danos-original,Sazonador Dan-O’s Original,Frasco de 567 g,Alimentos,8500,,IMG_20261009_170241.jpg,/catalog-sources/IMG_20261009_170241.jpg
mccormick-montrealchicken,Sazonador McCormick Montreal Chicken,Grill Mates · Frasco de 652 g,Alimentos,14000,,IMG_20261009_170241.jpg,/catalog-sources/IMG_20261009_170241.jpg
downy-cool-cotton,Suavizante Downy Sport,Envase individual,Aseo,5000,,IMG_20261009_164949_1.jpg,/catalog-sources/IMG_20261009_164949_1.jpg
tide-simply,Tide Simply All in One 306 mL,Envase individual,Aseo,5000,,IMG_20261009_164949_1.jpg,/catalog-sources/IMG_20261009_164949_1.jpg
gain-ultra-oxi,Gain Ultra Oxi 306 mL,Envase individual,Aseo,5000,,IMG_20261009_164949_1.jpg,/catalog-sources/IMG_20261009_164949_1.jpg
tide-free-gentle,Tide Free & Gentle 237 mL,Envase individual,Aseo,5000,,IMG_20261009_164949_1.jpg,/catalog-sources/IMG_20261009_164949_1.jpg
tide-downy,Tide Ultra Downy,Envase individual,Aseo,5000,,IMG_20261009_164949_1.jpg,/catalog-sources/IMG_20261009_164949_1.jpg
magali-coco,Gel de baño Magali Coco,Unidad individual,Aseo,2300,,IMG_20261009_164957_1.jpg,/catalog-sources/IMG_20261009_164957_1.jpg
snonas-splash,Colonia S'nonas Splash 750 mL,Unidad individual,Aseo,3300,,IMG_20261009_164957_1.jpg,/catalog-sources/IMG_20261009_164957_1.jpg
homebright-morado,Perlas aromáticas Homebright Lavender Vanilla,Envase morado,Aseo,4400,,IMG_20261009_165030_1.jpg,/catalog-sources/IMG_20261009_165030_1.jpg
glade,Ambientador Glade,Ambientador en aerosol,Aseo,6000,,IMG_20261009_165026_1.jpg,/catalog-sources/IMG_20261009_165026_1.jpg
ultra-deluxe-floral,Lavavajillas Ultra Deluxe Floral,Unidad individual,Aseo,3400,,IMG_20261009_165045.jpg,/catalog-sources/IMG_20261009_165045.jpg
dawn-watermelon,Dawn Powerwash Summer Watermelon,Unidad individual,Aseo,21500,,IMG_20261009_165050_1.jpg,/catalog-sources/IMG_20261009_165050_1.jpg
dawn-tropical,Dawn Powerwash Tropical Blend,Unidad individual,Aseo,21500,,IMG_20261009_165050_1.jpg,/catalog-sources/IMG_20261009_165050_1.jpg
great-value-inodoro,Pastillas limpiadoras Great Value,Paquete de cuatro unidades,Aseo,3500,,IMG_20261009_165114.jpg,/catalog-sources/IMG_20261009_165114.jpg
homebright-bleach,Pastillas Homebright Bleach 20 unidades,Unidad individual,Aseo,7000,,IMG_20261009_165120.jpg,/catalog-sources/IMG_20261009_165120.jpg
basura-gato,Bolsas de basura con diseño de gato,Rollo,Aseo,2500,,IMG_20261009_165148.jpg,/catalog-sources/IMG_20261009_165148.jpg
speed-stick-irish,Speed Stick Irish Spring 51 g,Unidad individual,Aseo,3500,,IMG_20261009_165157.jpg,/catalog-sources/IMG_20261009_165157.jpg
lady-speed-stick,Lady Speed Stick Invisible Dry,Desodorante en barra,Aseo,3500,,IMG_20261009_165157.jpg,/catalog-sources/IMG_20261009_165157.jpg
suave-tropical,Suave Tropical Citrus 28 g,Unidad individual,Aseo,3500,,IMG_20261009_165157.jpg,/catalog-sources/IMG_20261009_165157.jpg
magali-dermo,Jabón de manos Magali Dermo,Jabón líquido de manos · Envase individual,Aseo,1800,,IMG_20261009_165227.jpg,/catalog-sources/IMG_20261009_165227.jpg
magali-frutos-rojos,Jabón de manos Magali Frutos Rojos,Jabón líquido de manos · Envase individual,Aseo,1800,,IMG_20261009_165227.jpg,/catalog-sources/IMG_20261009_165227.jpg
viking-active,Espuma Viking Active,Unidad individual,Aseo,4000,,IMG_20261009_165236.jpg,/catalog-sources/IMG_20261009_165236.jpg
tango-azul,"Espuma Tango, envase azul",Espuma de afeitar · Envase individual,Aseo,1200,,IMG_20261009_165242.jpg,/catalog-sources/IMG_20261009_165242.jpg
luv-citrus,Crema de manos LuvFresh Citrus Blast,Blíster individual,Aseo,5500,,IMG_20261009_165247.jpg,/catalog-sources/IMG_20261009_165247.jpg
nevada-papaya,Mascarilla Nevada Papaya,Unidad individual,Aseo,1000,,IMG_20261009_165303.jpg,/catalog-sources/IMG_20261009_165303.jpg
goraw-sunflower,Go Raw Sunflower Seeds Sea Salt,Sobre individual · Sea Salt,Frutos secos,250,,IMG_20261009_165328.jpg,/catalog-sources/IMG_20261009_165328.jpg
goraw-pumpkin,Go Raw Pumpkin Seeds Sea Salt,Sobre individual · Sea Salt,Frutos secos,250,,IMG_20261009_165328.jpg,/catalog-sources/IMG_20261009_165328.jpg
aldi-sharks,ALDI Gummy Sharks Blue Raspberry,Unidad individual,Alimentos,3500,,IMG_20261009_165333.jpg,/catalog-sources/IMG_20261009_165333.jpg
sonic-pudding,Pudín Sonic Vanilla Shake,Unidad individual,Alimentos,3500,,IMG_20261009_165341.jpg,/catalog-sources/IMG_20261009_165341.jpg
boom-uva,Gelatina Boom Uva,Unidad individual,Alimentos,1550,,IMG_20261009_165345.jpg,/catalog-sources/IMG_20261009_165345.jpg
macrofood-naranja,Gelatina Macro Food Naranja,Unidad individual,Alimentos,1280,,IMG_20261009_165347.jpg,/catalog-sources/IMG_20261009_165347.jpg
oli-uva,Gelatina Oli Uva,Unidad individual,Alimentos,530,,IMG_20261009_165353.jpg,/catalog-sources/IMG_20261009_165353.jpg
oli-lemon,Gelatina Oli Lemon,Unidad individual,Alimentos,530,,IMG_20261009_165353.jpg,/catalog-sources/IMG_20261009_165353.jpg
oli-tutti,Gelatina Oli Tutti Frutti,Unidad individual,Alimentos,530,,IMG_20261009_165353.jpg,/catalog-sources/IMG_20261009_165353.jpg
southern-dry-blue,Southern Grove Dry Roasted Peanuts Sea Salt,Maní tostado con sal marina · Frasco,Frutos secos,6500,,IMG_20261009_165407.jpg,/catalog-sources/IMG_20261009_165407.jpg
vima-rellenas,Aceitunas verdes rellenas de pimiento Vima,Unidad individual,Conservas,13000,,IMG_20261009_165924.jpg,/catalog-sources/IMG_20261009_165924.jpg
kenko-bbq-mel,Salsa Barbecue Kenko Mel 370 g,Unidad individual,Alimentos,4200,,IMG_20261009_165834.jpg,/catalog-sources/IMG_20261009_165834.jpg
kenko-bbq-americano,Salsa Barbecue Kenko Americano 370 g,Unidad individual,Alimentos,4200,,IMG_20261009_165834.jpg,/catalog-sources/IMG_20261009_165834.jpg
burmans-spicy-mayo,Mayonesa Burman’s Spicy 354 mL,Unidad individual,Alimentos,5500,,IMG_20261009_165851.jpg,/catalog-sources/IMG_20261009_165851.jpg
kirkland-salted-mixed,Kirkland Extra Fancy Salted Mixed Nuts,Bolsa,Frutos secos,28000,,IMG_20261009_165602.jpg,/catalog-sources/IMG_20261009_165602.jpg
kirkland-unsalted-mixed,Kirkland Unsalted Mixed Nuts,Bolsa,Frutos secos,23000,,IMG_20261009_165602.jpg,/catalog-sources/IMG_20261009_165602.jpg
kirkland-keto-mix,Kirkland Keto Snack Mix,Bolsa,Frutos secos,22000,,IMG_20261009_165602.jpg,/catalog-sources/IMG_20261009_165602.jpg
biena-edamame,Biena Edamame Himalayan Pink Salt,Bolsa,Frutos secos,12800,,IMG_20261009_165604_1.jpg,/catalog-sources/IMG_20261009_165604_1.jpg
pockets-almonds,Pocket's Chocolates Greek Yogurt & Dark Chocolate Coated Almonds,Bolsa de 30 paquetes individuales,Frutos secos,20500,,IMG_20261009_165604_1.jpg,/catalog-sources/IMG_20261009_165604_1.jpg
monster-viking,Monster Juice Viking Berry,Lata individual,Bebidas,3000,,IMG_20261009_165615.jpg,/catalog-sources/IMG_20261009_165615.jpg
monster-pacific,Monster Juice Pacific Punch,Lata individual,Bebidas,3000,,IMG_20261009_165615.jpg,/catalog-sources/IMG_20261009_165615.jpg
fattoria-guayaba,Néctar de guayaba Fattorie Crisci,Botella de vidrio,Bebidas,660,,IMG_20261009_165615.jpg,/catalog-sources/IMG_20261009_165615.jpg
cristal-botella,Cerveza Cristal,Botella de vidrio,Bebidas,1050,,IMG_20261009_165618.jpg,/catalog-sources/IMG_20261009_165618.jpg
unlaguer-330,Cerveza Unlaguer,Lata,Bebidas,620,,IMG_20261009_165622.jpg,/catalog-sources/IMG_20261009_165622.jpg
arroz-blanco-bolsa,Arroz blanco en bolsa,Bolsa transparente,Alimentos,1000,,IMG_20261009_170014.jpg,/catalog-sources/IMG_20261009_170014.jpg
trigo-bolsa-1kg,Harina de trigo,Bolsa de1kg,Alimentos,2100,,IMG_20261009_170022.jpg,/catalog-sources/IMG_20261009_170022.jpg
trigo-gloria,Harina de trigo Grécia,Bolsa,Alimentos,1300,,IMG_20261009_170022.jpg,/catalog-sources/IMG_20261009_170022.jpg
maicena-450,Maicena almidón de maíz,Bolsa450g,Alimentos,3000,,IMG_20261009_170022.jpg,/catalog-sources/IMG_20261009_170022.jpg
chefscupboard-buterry,Puré de papas Chef's Cupboard Buttery,Bolsa,Alimentos,1800,,IMG_20261009_170027.jpg,/catalog-sources/IMG_20261009_170027.jpg
savvyfare-rice,Arroz Savvy Fare Roasted Chicken,Bolsa individual,Alimentos,2700,,IMG_20261009_170038.jpg,/catalog-sources/IMG_20261009_170038.jpg
spanish-rice,Arroz Spanish Style Rice,Bolsa individual,Alimentos,2700,,IMG_20261009_170038.jpg,/catalog-sources/IMG_20261009_170038.jpg
timeowise-rice,Arroz Time O'Wise Dirty Rice,Bolsa individual,Alimentos,2700,,IMG_20261009_170038.jpg,/catalog-sources/IMG_20261009_170038.jpg
santa-lasagna,Pasta Santa Lasagna,Caja,Alimentos,800,,IMG_20261009_170038.jpg,/catalog-sources/IMG_20261009_170038.jpg
marchi-salt,Sal yodada March,Envase cilíndrico,Alimentos,1800,,IMG_20261009_170045.jpg,/catalog-sources/IMG_20261009_170045.jpg
torre-pink-salt,Sal rosada Torre de la Vega,Sal de los Andes,Alimentos,1700,,IMG_20261009_170051.jpg,/catalog-sources/IMG_20261009_170051.jpg
taoro-guayaba,Néctar Taoro Guayaba,Lata,Bebidas,680,,IMG_20261009_170105_1.jpg,/catalog-sources/IMG_20261009_170105_1.jpg
monster-pipeline,Monster Pipeline Punch,Lata individual,Bebidas,3000,,IMG_20261009_170108.jpg,/catalog-sources/IMG_20261009_170108.jpg
monster-mango,Monster Mango Loco,Lata individual,Bebidas,3000,,IMG_20261009_170108.jpg,/catalog-sources/IMG_20261009_170108.jpg
monster-tropical,Monster Ultra Tropical Punch,Lata individual,Bebidas,3000,,IMG_20261009_170108.jpg,/catalog-sources/IMG_20261009_170108.jpg
boom-cola,Refresco Max Boom Boom Cola,Lata individual,Bebidas,750,,IMG_20261009_170126.jpg,/catalog-sources/IMG_20261009_170126.jpg
boom-lime,Refresco Max Boom Boom Lima-Limón,Lata individual,Bebidas,750,,IMG_20261009_170126.jpg,/catalog-sources/IMG_20261009_170126.jpg
sunny-tamarind,Néctar Sunny de tamarindo,Lata; tamarindo,Bebidas,900,,IMG_20261009_170128.jpg,/catalog-sources/IMG_20261009_170128.jpg
shani,Refresco Shani,Lata roja,Bebidas,780,,IMG_20261009_170152.jpg,/catalog-sources/IMG_20261009_170152.jpg
members-lemonpepper,Condimento Member's Mark Lemon Pepper,Member’s Mark · Frasco de 878 g,Alimentos,14000,,IMG_20261009_170211.jpg,/catalog-sources/IMG_20261009_170211.jpg
members-redpepper,Pimiento rojo triturado Wellsley Farms,Crushed Red Pepper · Frasco de 383 g,Alimentos,6700,,IMG_20261009_170211.jpg,/catalog-sources/IMG_20261009_170211.jpg
members-thyme,Tomillo en hojas Wellsley Farms,Whole Thyme Leaves · Frasco de 181 g,Alimentos,5500,,IMG_20261009_170211.jpg,/catalog-sources/IMG_20261009_170211.jpg
kitano-basil,Albahaca en hojas MasterChef,Manjericão em folha · Frasco de 200 g,Alimentos,4680,,IMG_20261009_170211.jpg,/catalog-sources/IMG_20261009_170211.jpg
amanhecer-turmeric,Azafrán de las Indias molido Amanhecer,Frasco individual,Alimentos,1450,,IMG_20261009_170217.jpg,/catalog-sources/IMG_20261009_170217.jpg
amanhecer-clove,Clavo Amanhecer,Frasco individual,Alimentos,1450,,IMG_20261009_170217.jpg,/catalog-sources/IMG_20261009_170217.jpg
heavenly-garlic,Ajo en polvo Heavenly Spices,Frasco70g,Alimentos,2100,,IMG_20261009_170217.jpg,/catalog-sources/IMG_20261009_170217.jpg
badia-oregano,Orégano Badia,Frasco individual,Alimentos,1450,,IMG_20261009_170217.jpg,/catalog-sources/IMG_20261009_170217.jpg
amanhecer-parsley,Salsa em Folha Amanhecer,Frasco individual,Alimentos,1450,,IMG_20261009_170217.jpg,/catalog-sources/IMG_20261009_170217.jpg
carmencita-marisco,Molinillo Carmencita Marisco,Molinillo individual,Alimentos,3100,,IMG_20261009_170217.jpg,/catalog-sources/IMG_20261009_170217.jpg
carmencita-bbq,Molinillo Carmencita Barbacoa,Molinillo individual,Alimentos,3100,,IMG_20261009_170217.jpg,/catalog-sources/IMG_20261009_170217.jpg
carmencita-picante,Molinillo Carmencita Picante,Molinillo individual,Alimentos,3100,,IMG_20261009_170217.jpg,/catalog-sources/IMG_20261009_170217.jpg
carmencita-pollo,Molinillo Carmencita Pollo,Molinillo individual,Alimentos,3100,,IMG_20261009_170217.jpg,/catalog-sources/IMG_20261009_170217.jpg
tomate-triturado,Tomate triturado en lata,Lata,Conservas,4500,,IMG_20261009_170222_1.jpg,/catalog-sources/IMG_20261009_170222_1.jpg
ragu-garlic,Salsa Ragu Roasted Garlic Parmesan,Frasco,Alimentos,6500,,IMG_20261009_170232.jpg,/catalog-sources/IMG_20261009_170232.jpg
mantias-parmesan,Queso parmesano Mantia's,Envase con tapa verde,Lácteos,4900,,IMG_20261009_170232.jpg,/catalog-sources/IMG_20261009_170232.jpg
gv-cheddar-wow,Great Value Cheese Wow! Cheddar,Queso en aerosol · Envase individual,Lácteos,3000,,IMG_20261009_170232.jpg,/catalog-sources/IMG_20261009_170232.jpg
gv-american-wow,Great Value Cheese Wow! American,Queso en aerosol · Envase individual,Lácteos,3000,,IMG_20261009_170232.jpg,/catalog-sources/IMG_20261009_170232.jpg
gv-extrasharp-wow,Great Value Cheese Wow! Extra Sharp Cheddar,Queso en aerosol · Envase individual,Lácteos,3000,,IMG_20261009_170232.jpg,/catalog-sources/IMG_20261009_170232.jpg
offley-white,Vino de Oporto Offley White,Botella,Bebidas,6000,,IMG_20261009_170954_1.jpg,/catalog-sources/IMG_20261009_170954_1.jpg
gatonegro-white,Vino Gato Negro blanco,Botella,Bebidas,4000,,IMG_20261009_171001_1.jpg,/catalog-sources/IMG_20261009_171001_1.jpg
havana-ritual,Ron Havana Club Ritual Cubano,Botella70cl visible,Bebidas,5800,,IMG_20261009_171010.jpg,/catalog-sources/IMG_20261009_171010.jpg
havana-especial,Ron Havana Club Añejo Especial,Botella,Bebidas,5900,,IMG_20261009_171010.jpg,/catalog-sources/IMG_20261009_171010.jpg
suau-15,Brandy Suau15,Reserva15,Bebidas,15000,,IMG_20261009_171010.jpg,/catalog-sources/IMG_20261009_171010.jpg
suau-8,Brandy Suau8,Reserva8,Bebidas,8000,,IMG_20261009_171010.jpg,/catalog-sources/IMG_20261009_171010.jpg
havana-reserva,Ron Havana Club Añejo Reserva,Botella,Bebidas,8500,,IMG_20261009_171016.jpg,/catalog-sources/IMG_20261009_171016.jpg
planta-santa,Mezcal Planta Santa Reposado,700mL38%,Bebidas,13000,,IMG_20261009_171027.jpg,/catalog-sources/IMG_20261009_171027.jpg
gordons,Ginebra Gordon's London Dry,Botella,Bebidas,9000,,IMG_20261009_171027.jpg,/catalog-sources/IMG_20261009_171027.jpg
jodhpur-reserve,Ginebra Jodhpur Reserve,Botella oscura,Bebidas,9000,,IMG_20261009_171027.jpg,/catalog-sources/IMG_20261009_171027.jpg
jodhpur-mandore,Ginebra Jodhpur Mandore,Botella naranja,Bebidas,9000,,IMG_20261009_171027.jpg,/catalog-sources/IMG_20261009_171027.jpg
jodhpur-spicy,Ginebra Jodhpur Spicy,Botella rosa,Bebidas,9000,,IMG_20261009_171027.jpg,/catalog-sources/IMG_20261009_171027.jpg
santacarolina-rose,Vino Santa Carolina Reservado Rosé,Botella,Bebidas,5000,,IMG_20261009_171031.jpg,/catalog-sources/IMG_20261009_171031.jpg
santacarolina-sauvignon,Vino Santa Carolina Reservado Sauvignon Blanc,Botella,Bebidas,5000,,IMG_20261009_171031.jpg,/catalog-sources/IMG_20261009_171031.jpg
celeste-verdejo,Vino Celeste Verdejo,Pago del Cielo,Bebidas,3500,,IMG_20261009_171031.jpg,/catalog-sources/IMG_20261009_171031.jpg
vinasol,Vino Viña Sol Original,Torres,Bebidas,3500,,IMG_20261009_171031.jpg,/catalog-sources/IMG_20261009_171031.jpg
vina-esmeralda,Vino Viña Esmeralda,Botella,Bebidas,4000,,IMG_20261009_171031.jpg,/catalog-sources/IMG_20261009_171031.jpg
sangretoro-red,Vino Sangre de Toro tinto,Botella,Bebidas,5000,,IMG_20261009_171034.jpg,/catalog-sources/IMG_20261009_171034.jpg
sangretoro-white,Vino Sangre de Toro blanco,Botella,Bebidas,5000,,IMG_20261009_171034.jpg,/catalog-sources/IMG_20261009_171034.jpg
sangretoro-rose,Vino Sangre de Toro rosado,Botella,Bebidas,5000,,IMG_20261009_171036.jpg,/catalog-sources/IMG_20261009_171036.jpg
nestia-plantain,Chips de plátano Nestia Sea Salt,Frasco grande,Alimentos,9100,,IMG_20261009_171154_1.jpg,/catalog-sources/IMG_20261009_171154_1.jpg
wapa-chorizo,Chorizo parrillero Wapa,Paquete500g,Charcutería,5300,,IMG_20261009_171202_1.jpg,/catalog-sources/IMG_20261009_171202_1.jpg
wapa-butifarra,Butifarra Wapa,Paquete500g,Charcutería,5540,,IMG_20261009_171202_1.jpg,/catalog-sources/IMG_20261009_171202_1.jpg
bolitas-queso,Bolitas de queso La Tabernita,Bandeja,Alimentos,4420,,IMG_20261009_171218_1.jpg,/catalog-sources/IMG_20261009_171218_1.jpg
raviolis,Raviolis congelados,Bandeja,Alimentos,4080,,IMG_20261009_171218_1.jpg,/catalog-sources/IMG_20261009_171218_1.jpg
hamburguesas-cerdo,Hamburguesas de cerdo Productos del Bodegón,Bandeja,Cárnicos,3568,,IMG_20261009_171221.jpg,/catalog-sources/IMG_20261009_171221.jpg
albondigas-cerdo,Albóndigas de cerdo Productos del Bodegón,Bandeja,Cárnicos,4960,,IMG_20261009_171221.jpg,/catalog-sources/IMG_20261009_171221.jpg
bravo-mortadela,Mortadela Bravo Criolla,Tubo800g,Charcutería,5060,,IMG_20261009_171247.jpg,/catalog-sources/IMG_20261009_171247.jpg
bravo-jamon-york,Jamón Bravo York,Tubo800g,Charcutería,7015,,IMG_20261009_171605_1.jpg,/catalog-sources/IMG_20261009_171605_1.jpg
bravo-pasta-boca,Pasta de bocadito Bravo tradicional,Tubo,Charcutería,1720,,IMG_20261009_171304.jpg,/catalog-sources/IMG_20261009_171304.jpg
renypicot-mantequilla,Mantequilla Reny Picot Tradicional,Tarrina,Lácteos,2880,,IMG_20261009_171306.jpg,/catalog-sources/IMG_20261009_171306.jpg
president-camembert,Queso Président Petit Camembert,Caja125g,Lácteos,4560,,IMG_20261009_171308_1.jpg,/catalog-sources/IMG_20261009_171308_1.jpg
pacto-navio,Ron Pacto Navio,Botella,Bebidas,20000,,IMG_20261009_171321.jpg,/catalog-sources/IMG_20261009_171321.jpg
carafiestas,Mezcal CaraFiestas blanco,Botella,Bebidas,8000,,IMG_20261009_171323_1.jpg,/catalog-sources/IMG_20261009_171323_1.jpg
altos-reposado,Tequila Altos Reposado,Botella,Bebidas,13140,,IMG_20261009_171327.jpg,/catalog-sources/IMG_20261009_171327.jpg
olmeca-reposado,Tequila Olmeca Reposado,Botella,Bebidas,14180,,IMG_20261009_171327.jpg,/catalog-sources/IMG_20261009_171327.jpg
jw-doubleblack,Whisky Johnnie Walker Double Black,Botella750mL,Bebidas,34520,,IMG_20261009_171328_1.jpg,/catalog-sources/IMG_20261009_171328_1.jpg
glenlivet-founders,Whisky The Glenlivet Founder's Reserve,American Oak Selection,Bebidas,20850,,IMG_20261009_171328_1.jpg,/catalog-sources/IMG_20261009_171328_1.jpg
jw-redlabel,Whisky Johnnie Walker Red Label,Botella,Bebidas,16000,,IMG_20261009_171331_1.jpg,/catalog-sources/IMG_20261009_171331_1.jpg
jw-bluelabel,Whisky Johnnie Walker Blue Label,Estuche y botella,Bebidas,280000,,IMG_20261009_171331_1.jpg,/catalog-sources/IMG_20261009_171331_1.jpg
jameson,Whiskey Jameson,Botella,Bebidas,15900,,IMG_20261009_171335.jpg,/catalog-sources/IMG_20261009_171335.jpg
ballantines,Whisky Ballantine's Finest,Botella,Bebidas,5270,,IMG_20261009_171335.jpg,/catalog-sources/IMG_20261009_171335.jpg
armageddon,Vodka Armageddon,Botella azul,Bebidas,7600,,IMG_20261009_171339.jpg,/catalog-sources/IMG_20261009_171339.jpg
absolut,Vodka Absolut,Botella,Bebidas,16020,,IMG_20261009_171339.jpg,/catalog-sources/IMG_20261009_171339.jpg
ciroc,Vodka Cîroc,Botella,Bebidas,24600,,IMG_20261009_171339.jpg,/catalog-sources/IMG_20261009_171339.jpg
beefeater,Ginebra Beefeater London Dry,Botella,Bebidas,7400,,IMG_20261009_171341.jpg,/catalog-sources/IMG_20261009_171341.jpg
tanqueray,Ginebra Tanqueray London Dry,Botella,Bebidas,9900,,IMG_20261009_171345.jpg,/catalog-sources/IMG_20261009_171345.jpg
santiago-11,Ron Santiago de Cuba11años,Botella,Bebidas,19400,,IMG_20261009_171345.jpg,/catalog-sources/IMG_20261009_171345.jpg
santiago-12,Ron Santiago de Cuba12años,Botella,Bebidas,22500,,IMG_20261009_171345.jpg,/catalog-sources/IMG_20261009_171345.jpg
santiago-8,Ron Santiago de Cuba8años,Botella,Bebidas,10400,,IMG_20261009_171348.jpg,/catalog-sources/IMG_20261009_171348.jpg
santiago-blanca,Ron Santiago de Cuba Carta Blanca,Botella,Bebidas,6200,,IMG_20261009_171348.jpg,/catalog-sources/IMG_20261009_171348.jpg
santiago-anejo,Ron Santiago de Cuba Añejo,Botella,Bebidas,10600,,IMG_20261009_171351.jpg,/catalog-sources/IMG_20261009_171351.jpg
santiago-oscura,Ron Santiago de Cuba Carta Oscura,Botella,Bebidas,9200,,IMG_20261009_171351.jpg,/catalog-sources/IMG_20261009_171351.jpg
havana-profundo,Ron Havana Club Profundo,Botella,Bebidas,5600,,IMG_20261009_171405.jpg,/catalog-sources/IMG_20261009_171405.jpg
havana-maestros,Ron Havana Club Selección de Maestros,Botella,Bebidas,10200,,IMG_20261009_171408.jpg,/catalog-sources/IMG_20261009_171408.jpg
havana-spiced,Ron Havana Club Cuban Spiced,Botella,Bebidas,8670,,IMG_20261009_171408.jpg,/catalog-sources/IMG_20261009_171408.jpg
molinari,Licor Molinari Extra,Botella,Bebidas,11500,,IMG_20261009_171438.jpg,/catalog-sources/IMG_20261009_171438.jpg
legendario,Legendario Elixir7años,Botella,Bebidas,5700,,IMG_20261009_171417.jpg,/catalog-sources/IMG_20261009_171417.jpg
havana-3,Ron Havana Club3años Original,Botella,Bebidas,7140,,IMG_20261009_171420.jpg,/catalog-sources/IMG_20261009_171420.jpg
jagermeister-1l,Licor Jägermeister,Botella1L,Bebidas,10900,,IMG_20261009_171423.jpg,/catalog-sources/IMG_20261009_171423.jpg
sangretoro-special,Vino Sangre de Toro Special Selection,Botella,Bebidas,9000,,IMG_20261009_171427.jpg,/catalog-sources/IMG_20261009_171427.jpg
roncari-blue,Queso Roncari Blue TGT,Queso azul de oveja100g,Lácteos,2980,,IMG_20261009_171545_1.jpg,/catalog-sources/IMG_20261009_171545_1.jpg
cello-variety,Quesos Cello Variety Pack,Unidad individual,Lácteos,17000,,IMG_20261009_171605_1.jpg,/catalog-sources/IMG_20261009_171605_1.jpg
roinat-puppy,Alimento Roinat Puppy Dogs,Bolsa8kg,Mascotas,30940,,IMG_20261009_171627.jpg,/catalog-sources/IMG_20261009_171627.jpg
jagermeister-700,Licor Jägermeister700mL,Botella70cl,Bebidas,10900,,IMG_20261009_171423.jpg,/catalog-sources/IMG_20261009_171423.jpg
downy-fresh-perlas,Perlas de perfume Downy Fresh,Envase141g,Aseo,9400,,IMG_20261009_165030_1.jpg,/catalog-sources/IMG_20261009_165030_1.jpg
downy-lush-perlas,Perlas Downy Unstopables Lush,Perlas de perfume · Envase individual,Aseo,9400,,IMG_20261009_165030_1.jpg,/catalog-sources/IMG_20261009_165030_1.jpg
wonderful-roasted-227,Pistachos Wonderful Roasted & Salted,Con cáscara,Frutos secos,9000,,IMG_20261009_165441.jpg,/catalog-sources/IMG_20261009_165441.jpg
wonderful-chocolate,Pistachos Wonderful Chocolate Sea Salt,Sin cáscara,Frutos secos,6500,,IMG_20261009_165446.jpg,/catalog-sources/IMG_20261009_165446.jpg
southern-pistachios-unsalted,Pistachos Southern Grove Roasted Unsalted,Con cáscara,Frutos secos,8500,,IMG_20261009_165446.jpg,/catalog-sources/IMG_20261009_165446.jpg
southern-pistachios-shelled,Pistachos Southern Grove Shelled Sea Salt,Sin cáscara,Frutos secos,6000,,IMG_20261009_165450.jpg,/catalog-sources/IMG_20261009_165450.jpg
gv-bacon-bits,Great Value Reduced Sodium Real Bacon Pieces,Bolsa71g,Alimentos,4700,,IMG_20261009_165450.jpg,/catalog-sources/IMG_20261009_165450.jpg
hormel-bacon,Hormel Real Crumbled Bacon Applewood,Bolsa85g,Alimentos,4200,,IMG_20261009_165450.jpg,/catalog-sources/IMG_20261009_165450.jpg
kirkland-trail-28,Kirkland Trail Mix Snack Packs,Caja28 paquetes,Frutos secos,33600,,IMG_20261009_165450.jpg,/catalog-sources/IMG_20261009_165450.jpg
simply-coconut-oil,Aceite de coco Simply Nature Organic,Frasco,Alimentos,9500,,IMG_20261009_165457.jpg,/catalog-sources/IMG_20261009_165457.jpg
tuscan-caesar,Crutones Tuscan Garden Classic Caesar,Bolsa,Alimentos,4000,,IMG_20261009_165457.jpg,/catalog-sources/IMG_20261009_165457.jpg
tuscan-italian,Crutones Tuscan Garden Italian Seasoned,Bolsa roja,Alimentos,4000,,IMG_20261009_165457.jpg,/catalog-sources/IMG_20261009_165457.jpg
simply-quinoa,Quinoa Simply Nature Organic,Bolsa454g,Alimentos,7600,,IMG_20261009_165507.jpg,/catalog-sources/IMG_20261009_165507.jpg
simply-flax,Linaza molida Simply Nature Organic,Bolsa454g,Alimentos,5500,,IMG_20261009_165507.jpg,/catalog-sources/IMG_20261009_165507.jpg
organic-coconut-flour,Harina de coco Nature’s Goodness Organic,Bolsa,Alimentos,3500,,IMG_20261009_165507.jpg,/catalog-sources/IMG_20261009_165507.jpg
southern-mixed-salt,Southern Grove Deluxe Mixed Nuts Sea Salt,Bolsa850g,Frutos secos,20500,,IMG_20261009_165512.jpg,/catalog-sources/IMG_20261009_165512.jpg
southern-mixed-unsalt,Southern Grove Deluxe Mixed Nuts Unsalted,Bolsa850g,Frutos secos,20500,,IMG_20261009_165512.jpg,/catalog-sources/IMG_20261009_165512.jpg
southern-almonds,Almendras Southern Grove Whole Natural,Bolsa397g,Frutos secos,10000,,IMG_20261009_165512.jpg,/catalog-sources/IMG_20261009_165512.jpg
southern-pumpkin,Semillas de calabaza Southern Grove Roasted Salted,Bolsa170g,Frutos secos,5000,,IMG_20261009_165512.jpg,/catalog-sources/IMG_20261009_165512.jpg
southern-cashews-salt,Marañones Southern Grove Lightly Salted,Bolsa454g,Frutos secos,8400,,IMG_20261009_165516.jpg,/catalog-sources/IMG_20261009_165516.jpg
southern-cashews-unsalt,Marañones Southern Grove Unsalted,Bolsa454g,Frutos secos,8400,,IMG_20261009_165516.jpg,/catalog-sources/IMG_20261009_165516.jpg
kirkland-almonds,Kirkland Roasted Almonds Sea Salt,Bolsa1134g,Frutos secos,22800,,IMG_20261009_165516.jpg,/catalog-sources/IMG_20261009_165516.jpg
jojos-almond,"Chocolate JOJO’s con pistacho, almendra y arándano",Bolsa,Alimentos,13000,,IMG_20261009_165521.jpg,/catalog-sources/IMG_20261009_165521.jpg
crispy-jalapeno,Crispy Jalapeño Pieces,Bolsa verde,Alimentos,5800,,IMG_20261009_165521.jpg,/catalog-sources/IMG_20261009_165521.jpg
millville-oats-honey,Granola Millville Protein Oats & Honey,Bolsa amarilla,Alimentos,6000,,IMG_20261009_165526.jpg,/catalog-sources/IMG_20261009_165526.jpg
millville-darkchocolate,Granola Millville Protein Oats & Dark Chocolate,Bolsa naranja,Alimentos,6000,,IMG_20261009_165526.jpg,/catalog-sources/IMG_20261009_165526.jpg
millville-cranberry,Granola Millville Protein Cranberry & Almond,Bolsa roja,Alimentos,6000,,IMG_20261009_165526.jpg,/catalog-sources/IMG_20261009_165526.jpg
trader-passion,Granola Trader Joe's Passion Fruit,Bolsa340g,Alimentos,8500,,IMG_20261009_165530.jpg,/catalog-sources/IMG_20261009_165530.jpg
trader-vanilla,Granola Trader Joe's Vanilla Almond,Bolsa454g,Alimentos,8000,,IMG_20261009_165530.jpg,/catalog-sources/IMG_20261009_165530.jpg
gv-protein-granola,Granola Great Value Oats & Honey Protein,Bolsa311g,Alimentos,5800,,IMG_20261009_165530.jpg,/catalog-sources/IMG_20261009_165530.jpg
members-honey-granola,Granola Member's Mark Honey Almond,Bolsa,Alimentos,15000,,IMG_20261009_165536.jpg,/catalog-sources/IMG_20261009_165536.jpg
purely-vanilla-granola,Granola Purely Elizabeth Vanilla Almond,Bolsa individual,Alimentos,6500,,IMG_20261009_165536.jpg,/catalog-sources/IMG_20261009_165536.jpg
maggi-sazon,Maggi Sazón Completo,Frasco180g,Alimentos,2150,,IMG_20261009_170237.jpg,/catalog-sources/IMG_20261009_170237.jpg
carmencita-salrosa,Sal rosada en molinillo,Molinillo grande,Alimentos,11000,,IMG_20261009_170237.jpg,/catalog-sources/IMG_20261009_170237.jpg
carmencita-sal3,Sal y tres pimientas en molinillo,Molinillo grande,Alimentos,11000,,IMG_20261009_170237.jpg,/catalog-sources/IMG_20261009_170237.jpg
carmencita-pimienta,Pimienta negra en molinillo,Molinillo grande,Alimentos,11000,,IMG_20261009_170237.jpg,/catalog-sources/IMG_20261009_170237.jpg
carmencita-pimientas,Mezcla de pimientas en molinillo,Molinillo grande,Alimentos,11000,,IMG_20261009_170237.jpg,/catalog-sources/IMG_20261009_170237.jpg
worcestershire-leaperrins,Salsa Lea & Perrins Worcestershire,Botella,Alimentos,12800,,IMG_20261009_170250.jpg,/catalog-sources/IMG_20261009_170250.jpg
kens-ranch,Ken's Ranch Dressing,Botella,Alimentos,5500,,IMG_20261009_170250.jpg,/catalog-sources/IMG_20261009_170250.jpg
lime-juice,Jugo de lima botella verde,Botella,Alimentos,2200,,IMG_20261009_170250.jpg,/catalog-sources/IMG_20261009_170250.jpg
carmencita-molinillo-pimienta,Molinillo Carmencita Pimienta,Molinillo individual,Alimentos,3100,,IMG_20261009_170254.jpg,/catalog-sources/IMG_20261009_170254.jpg
varveio-balsamico,Varveio Aceto Balsamico di Modena,Botella500mL,Alimentos,3500,,IMG_20261009_170303_1.jpg,/catalog-sources/IMG_20261009_170303_1.jpg
varveio-manzana,Varveio Aceto di Mele,Botella,Alimentos,3500,,IMG_20261009_170303_1.jpg,/catalog-sources/IMG_20261009_170303_1.jpg
vima-vino-vinagre,Vinagre de vino Vima,Botella,Alimentos,2000,,IMG_20261009_170303_1.jpg,/catalog-sources/IMG_20261009_170303_1.jpg
milideas-vinagre,Vinagre de vino Milideas,Botella plástica,Alimentos,1300,,IMG_20261009_170303_1.jpg,/catalog-sources/IMG_20261009_170303_1.jpg
varveio-condimento,Varveio Condimento,Botella,Alimentos,3300,,IMG_20261009_170306_1.jpg,/catalog-sources/IMG_20261009_170306_1.jpg
gourmet-vinagre,Vinagre Gourmet,Botella,Alimentos,1100,,IMG_20261009_170306_1.jpg,/catalog-sources/IMG_20261009_170306_1.jpg
hersheys-syrup,Sirope de chocolate Hershey's,Botella grande,Alimentos,13000,,IMG_20261009_170311_1.jpg,/catalog-sources/IMG_20261009_170311_1.jpg
welchs-grape,Mermelada de uva Welch’s,Grape · Frasco,Alimentos,6000,,IMG_20261009_170314.jpg,/catalog-sources/IMG_20261009_170314.jpg
helios-manzana,Mermelada Helios Manzana,Frasco individual,Alimentos,3900,,IMG_20261009_170320_1.jpg,/catalog-sources/IMG_20261009_170320_1.jpg
helios-ciruela-kiwi,Mermelada Helios Ciruela y Kiwi,Frasco individual,Alimentos,3900,,IMG_20261009_170320_1.jpg,/catalog-sources/IMG_20261009_170320_1.jpg
helios-fresa-arandano,Mermelada Helios Fresa y Arándano rojo,Frasco individual,Alimentos,3900,,IMG_20261009_170320_1.jpg,/catalog-sources/IMG_20261009_170320_1.jpg
caramel-syrup,Caramel Syrup,Botella,Alimentos,2400,,IMG_20261009_170320_1.jpg,/catalog-sources/IMG_20261009_170320_1.jpg
nescafe-small,Café Nescafé frasco pequeño,Frasco,Alimentos,5500,,IMG_20261009_170330.jpg,/catalog-sources/IMG_20261009_170330.jpg
nescafe-tasters,Café Nescafé Taster's Choice,Frasco grande,Alimentos,26000,,IMG_20261009_170330.jpg,/catalog-sources/IMG_20261009_170330.jpg
nescafe-clasico,Café Nescafé Clásico,Frasco grande,Alimentos,27500,,IMG_20261009_170330.jpg,/catalog-sources/IMG_20261009_170330.jpg
coffeemate-frascos,Nestlé Coffee Mate frasco,Nestlé Coffee Mate · Frasco individual,Alimentos,5800,,IMG_20261009_170333.jpg,/catalog-sources/IMG_20261009_170333.jpg
coffee-mate-bolsa,Nestlé Coffee Mate bolsa,Bolsa roja,Alimentos,2200,,IMG_20261009_170336.jpg,/catalog-sources/IMG_20261009_170336.jpg
splenda-small,Splenda,Envase individual,Alimentos,4300,,IMG_20261009_170333.jpg,/catalog-sources/IMG_20261009_170333.jpg
coffee-sebraz-250,Café Sebraz Extra Forte,Bolsa roja,Alimentos,2500,,IMG_20261009_170341.jpg,/catalog-sources/IMG_20261009_170341.jpg
coffee-mcdaniels,Café McDaniel’s Espresso,Bolsa individual,Alimentos,4900,,IMG_20261009_170336.jpg,/catalog-sources/IMG_20261009_170336.jpg
coffee-whitener,Country Coffee Whitener,Bolsa,Alimentos,3000,,IMG_20261009_170336.jpg,/catalog-sources/IMG_20261009_170336.jpg
nesquik-choco-tin,Nesquik Chocolate,Envase grande amarillo,Alimentos,18000,,IMG_20261009_170346_1.jpg,/catalog-sources/IMG_20261009_170346_1.jpg
nesquik-straw-tin,Nesquik Strawberry,Envase grande amarillo,Alimentos,16500,,IMG_20261009_170346_1.jpg,/catalog-sources/IMG_20261009_170346_1.jpg
colacao-original,ColaCao Original,Envase grande,Alimentos,10200,,IMG_20261009_170351.jpg,/catalog-sources/IMG_20261009_170351.jpg
colacao-turbo,ColaCao Turbo,Envase pequeño,Alimentos,6500,,IMG_20261009_170351.jpg,/catalog-sources/IMG_20261009_170351.jpg
nesquik-choco-bag,Nesquik Chocolate bolsa,15vasos según frontal,Alimentos,5500,,IMG_20261009_170351.jpg,/catalog-sources/IMG_20261009_170351.jpg
chocolisto-choco,Choco Listo Chocolate,Envase naranja,Alimentos,4800,,IMG_20261009_170358.jpg,/catalog-sources/IMG_20261009_170358.jpg
chocolisto-straw,Choco Listo Strawberry,Bolsa naranja,Alimentos,3000,,IMG_20261009_170358.jpg,/catalog-sources/IMG_20261009_170358.jpg
cacao-black,Cacao amargo en polvo Macro Food,Bolsa de 250 g,Alimentos,3000,,IMG_20261009_170358.jpg,/catalog-sources/IMG_20261009_170358.jpg
te-limon,Té Doblet de limón,Caja individual,Alimentos,2000,,IMG_20261009_170404.jpg,/catalog-sources/IMG_20261009_170404.jpg
te-manzanilla,Té Doblet de manzanilla,Caja individual,Alimentos,2000,,IMG_20261009_170404.jpg,/catalog-sources/IMG_20261009_170404.jpg
te-hierbabuena,Té Doblet de hierbabuena,Caja individual,Alimentos,2000,,IMG_20261009_170404.jpg,/catalog-sources/IMG_20261009_170404.jpg
te-manzanilla-jengibre,Té Doblet manzanilla con jengibre,Caja,Alimentos,900,,IMG_20261009_170406_1.jpg,/catalog-sources/IMG_20261009_170406_1.jpg
te-manzanilla-arandano,Té Doblet manzanilla con arándano,Caja individual,Alimentos,900,,IMG_20261009_170406_1.jpg,/catalog-sources/IMG_20261009_170406_1.jpg
vima-albondigas-lata,Albóndigas en salsa Vima,Lata,Conservas,1460,,IMG_20261009_170410_1.jpg,/catalog-sources/IMG_20261009_170410_1.jpg
peanut-cookies-18,Peanut Butter Sandwich Cookies18Pack,Caja18paquetes,Alimentos,2500,,IMG_20261009_170417.jpg,/catalog-sources/IMG_20261009_170417.jpg
britannia-biscafe,Galletas Britannia Biscafé,Caja,Alimentos,2300,,IMG_20261009_170421.jpg,/catalog-sources/IMG_20261009_170421.jpg
gourmet-double,Galletas Gourmet Double,Paquete pequeño,Alimentos,100,,IMG_20261009_170428_1.jpg,/catalog-sources/IMG_20261009_170428_1.jpg
supremos-packet,Caramelos Supremos,Sobre individual; elegir sabor al confirmar disponibilidad,Alimentos,300,,IMG_20261009_170440_1.jpg,/catalog-sources/IMG_20261009_170440_1.jpg
trident-1350,Chicle Trident,Caja azul,Alimentos,1350,,IMG_20261009_170504.jpg,/catalog-sources/IMG_20261009_170504.jpg
extra-gum,Chicle Extra,Paquete individual; elegir sabor al confirmar disponibilidad,Alimentos,3500,,IMG_20261009_170501.jpg,/catalog-sources/IMG_20261009_170501.jpg
five-gum,Chicle5Gum,Caja negra,Alimentos,3500,,IMG_20261009_170501.jpg,/catalog-sources/IMG_20261009_170501.jpg
bauducco-wafer-choco,Wafer Bauducco chocolate,Paquete,Alimentos,1500,,IMG_20261009_170518.jpg,/catalog-sources/IMG_20261009_170518.jpg
berry-croco,Cereal Berry Croco Crunch,Caja,Alimentos,3400,,IMG_20261009_170540.jpg,/catalog-sources/IMG_20261009_170540.jpg
quaker-fruitcream,Quaker Instant Oatmeal Fruit & Cream,Caja de 40 sobres,Alimentos,19000,,IMG_20261009_170540.jpg,/catalog-sources/IMG_20261009_170540.jpg
kitkat-minis,KitKat Minis,Bolsa,Alimentos,19500,,IMG_20261009_170543_1.jpg,/catalog-sources/IMG_20261009_170543_1.jpg
cocoa-pebbles-cup,Cocoa Pebbles vaso,Vaso individual,Alimentos,1800,,IMG_20261009_170543_1.jpg,/catalog-sources/IMG_20261009_170543_1.jpg
honeybunches-cup,Honey Bunches of Oats vaso,Vaso individual,Alimentos,1800,,IMG_20261009_170543_1.jpg,/catalog-sources/IMG_20261009_170543_1.jpg
frostedflakes-cup,Frosted Flakes vaso,Vaso individual,Alimentos,1800,,IMG_20261009_170543_1.jpg,/catalog-sources/IMG_20261009_170543_1.jpg
cheerios-cup,Cheerios vaso,Vaso individual,Alimentos,1800,,IMG_20261009_170548.jpg,/catalog-sources/IMG_20261009_170548.jpg
ricekrispies-mini,Rice Krispies caja pequeña,Caja individual pequeña,Alimentos,200,,IMG_20261009_170548.jpg,/catalog-sources/IMG_20261009_170548.jpg
pops-mini,Kellogg's Pops caja pequeña,Caja individual pequeña,Alimentos,200,,IMG_20261009_170548.jpg,/catalog-sources/IMG_20261009_170548.jpg
miniwheats-mini,Frosted Mini Wheats caja pequeña,Caja individual pequeña,Alimentos,200,,IMG_20261009_170548.jpg,/catalog-sources/IMG_20261009_170548.jpg
carrs-assortment,Carr's Table Water Crackers Assortment,Caja720g,Alimentos,22500,,IMG_20261009_170550.jpg,/catalog-sources/IMG_20261009_170550.jpg
nerds-clusters,Nerds Gummy Clusters Rainbow,Party Size,Alimentos,19000,,IMG_20261009_170554.jpg,/catalog-sources/IMG_20261009_170554.jpg
toblerone,Chocolate Toblerone,Caja triangular,Alimentos,4000,,IMG_20261009_170554.jpg,/catalog-sources/IMG_20261009_170554.jpg
mms-sharebag,M&M's Sharing Size bolsa,Bolsa marrón,Alimentos,8500,,IMG_20261009_170556.jpg,/catalog-sources/IMG_20261009_170556.jpg
hersheys-nuggets,Hershey's Nuggets,Bolsa,Alimentos,9500,,IMG_20261009_170556.jpg,/catalog-sources/IMG_20261009_170556.jpg
reeses-bar,Reese's barra,Caja naranja,Alimentos,3500,,IMG_20261009_170556.jpg,/catalog-sources/IMG_20261009_170556.jpg
reeses-pieces,Reese's Pieces,Bolsa naranja,Alimentos,8500,,IMG_20261009_170556.jpg,/catalog-sources/IMG_20261009_170556.jpg
mms-honey-bag,M&M's Honey Roasted Peanut,Bolsa,Alimentos,9500,,IMG_20261009_170600.jpg,/catalog-sources/IMG_20261009_170600.jpg
mms-peanut-jar,M&M's Peanut frasco,Frasco con tapa amarilla,Alimentos,29000,,IMG_20261009_170603.jpg,/catalog-sources/IMG_20261009_170603.jpg
bentons-mint-cookies,Benton's Mint Chocolate Covered Cookies,Caja verde,Alimentos,5500,,IMG_20261009_170609.jpg,/catalog-sources/IMG_20261009_170609.jpg
bentons-coconut,Benton's Cookie Thins Toasted Coconut,Bolsa,Alimentos,4200,,IMG_20261009_170614.jpg,/catalog-sources/IMG_20261009_170614.jpg
members-cookie-thins,Member's Mark Chocolate Chip Cookie Thins,Bolsa,Alimentos,6000,,IMG_20261009_170614.jpg,/catalog-sources/IMG_20261009_170614.jpg
milano-double,Pepperidge Farm Milano Double Milk Chocolate,Sobre individual,Alimentos,650,,IMG_20261009_170618.jpg,/catalog-sources/IMG_20261009_170618.jpg
oreo-snack,Oreo Snack Packs,Sobre individual,Alimentos,500,,IMG_20261009_170623.jpg,/catalog-sources/IMG_20261009_170623.jpg
oreo-choco-box,Oreo Chocolate caja naranja,Caja252g,Alimentos,5200,,IMG_20261009_170623.jpg,/catalog-sources/IMG_20261009_170623.jpg
oreo-chocofill-box,Oreo caja azul12paquetes,Caja,Alimentos,9500,,IMG_20261009_170623.jpg,/catalog-sources/IMG_20261009_170623.jpg
oreo-roll,Oreo en envoltorio transparente,Rollo de galletas,Alimentos,2500,,IMG_20261009_170626.jpg,/catalog-sources/IMG_20261009_170626.jpg
lotus-biscoff,Lotus Biscoff,Paquete,Alimentos,4200,,IMG_20261009_170629.jpg,/catalog-sources/IMG_20261009_170629.jpg
lemoncreme-cookie,Lemon Creme Cookies,Paquete amarillo/verde,Alimentos,4800,,IMG_20261009_170633.jpg,/catalog-sources/IMG_20261009_170633.jpg
vanillacreme-cookie,Vanilla Creme Cookies,Paquete individual,Alimentos,4800,,IMG_20261009_170633.jpg,/catalog-sources/IMG_20261009_170633.jpg
duplex-cookie,Duplex Sandwich Crème Cookies,Benton’s · Paquete individual,Alimentos,7500,,IMG_20261009_170633.jpg,/catalog-sources/IMG_20261009_170633.jpg
vanilla-sandwich,Galletas Benton’s Vanilla Sandwich Crème,Paquete,Alimentos,7500,,IMG_20261009_170633.jpg,/catalog-sources/IMG_20261009_170633.jpg
oatmeal-cookie,Oatmeal Cookies,Paquete amarillo,Alimentos,3800,,IMG_20261009_170637.jpg,/catalog-sources/IMG_20261009_170637.jpg
chocochip-cookie,Chocolate Chip Cookies,Paquete amarillo,Alimentos,3800,,IMG_20261009_170637.jpg,/catalog-sources/IMG_20261009_170637.jpg
almond-windmill,Almond Windmill Cookies,Paquete amarillo,Alimentos,3000,,IMG_20261009_170637.jpg,/catalog-sources/IMG_20261009_170637.jpg
fresko-butter,Caramelos Fresko Butter Milky,Bolsa,Alimentos,4000,,IMG_20261009_170642.jpg,/catalog-sources/IMG_20261009_170642.jpg
fresko-cappuccino,Caramelos Fresko Cappuccino,Bolsa,Alimentos,4000,,IMG_20261009_170642.jpg,/catalog-sources/IMG_20261009_170642.jpg
fresko-coffee,Caramelos Fresko Coffee,Bolsa,Alimentos,4000,,IMG_20261009_170642.jpg,/catalog-sources/IMG_20261009_170642.jpg
kitkat-16,KitKat caja16paquetes,Caja,Alimentos,40000,,IMG_20261009_170645.jpg,/catalog-sources/IMG_20261009_170645.jpg
choco-variety14,"Surtido de chocolates Snickers, Milky Way y M&M’s",Caja de 14 piezas,Alimentos,35000,,IMG_20261009_170645.jpg,/catalog-sources/IMG_20261009_170645.jpg
cadbury-bar,Chocolate Baileys Caramel,Tableta,Alimentos,2500,,IMG_20261009_170645.jpg,/catalog-sources/IMG_20261009_170645.jpg
crepel-bar,Crepes rellenas de chocolate Crepel,Caja,Alimentos,900,,IMG_20261009_170649.jpg,/catalog-sources/IMG_20261009_170649.jpg
todeschini-picapau,Galletas Todeschini Pica-Pau,Paquete individual,Alimentos,560,,IMG_20261009_170653.jpg,/catalog-sources/IMG_20261009_170653.jpg
vima-ensaladilla,Ensaladilla congelada Vima,Bolsa1kg,Alimentos,3200,,IMG_20261009_170704_1.jpg,/catalog-sources/IMG_20261009_170704_1.jpg
vima-maiz-frozen,Maíz dulce congelado Vima,Bolsa1kg,Alimentos,3200,,IMG_20261009_170831.jpg,/catalog-sources/IMG_20261009_170831.jpg
dor-coles,Coles de Bruselas congeladas d'Arta,Bolsa,Alimentos,3000,,IMG_20261009_170834_1.jpg,/catalog-sources/IMG_20261009_170834_1.jpg
cvale-nuggets,Nuggets de pollo C.Vale,Bolsa1kg,Cárnicos,5000,,IMG_20261009_170848.jpg,/catalog-sources/IMG_20261009_170848.jpg
eurofrits-papas,Papas prefritas Eurofrits Steakhouse Super Crujiente,"Bolsa2,",Alimentos,5700,,IMG_20261009_170851_1.jpg,/catalog-sources/IMG_20261009_170851_1.jpg
driedapple,Manzana deshidratada Dried Apple Soft & Chewy,Bolsa50g,Alimentos,2000,,IMG_20261009_170903_1.jpg,/catalog-sources/IMG_20261009_170903_1.jpg
takis-fuego,Takis Fuego,Bolsa morada,Alimentos,1300,,IMG_20261009_170903_1.jpg,/catalog-sources/IMG_20261009_170903_1.jpg
kars-mix,Kar's Sweet'n Salty Mix,Bolsa individual,Frutos secos,1300,,IMG_20261009_170906_1.jpg,/catalog-sources/IMG_20261009_170906_1.jpg
thatsit-crunch,That's It Crunchables,Bolsa verde,Alimentos,750,,IMG_20261009_170911_1.jpg,/catalog-sources/IMG_20261009_170911_1.jpg
juve-solo-vida,Cava Juvé & Camps Solo Vida,Botella con etiqueta dorada,Bebidas,21000,,IMG_20261009_170930.jpg,/catalog-sources/IMG_20261009_170930.jpg
gran-juve-camps,Gran Juvé & Camps Gran Reserva Brut,Estuche abierto,Bebidas,21000,,IMG_20261009_170930.jpg,/catalog-sources/IMG_20261009_170930.jpg
vallformosa-gala-white,Vallformosa Gala blanco,Botella,Bebidas,5200,,IMG_20261009_170941.jpg,/catalog-sources/IMG_20261009_170941.jpg
vallformosa-gala-rose,Vallformosa Gala rosado,Botella,Bebidas,6000,,IMG_20261009_170943_1.jpg,/catalog-sources/IMG_20261009_170943_1.jpg
vallformosa-cava-rose,Vallformosa Cava rosado,Botella individual,Bebidas,6000,,IMG_20261009_170948_1.jpg,/catalog-sources/IMG_20261009_170948_1.jpg
vallformosa-cava-brut,Vallformosa Cava Brut,Botella,Bebidas,6000,,IMG_20261009_170948_1.jpg,/catalog-sources/IMG_20261009_170948_1.jpg
vallformosa-cava-ice,Vallformosa Cava Ice,Botella blanca,Bebidas,6000,,IMG_20261009_170948_1.jpg,/catalog-sources/IMG_20261009_170948_1.jpg
