sharedProductId,n,d,c,p,stock,priceStatus,imageKind,provisional,img,sourceImage,reason
downy-cool-cotton,Suavizante Downy Soft Cool Cotton,Envase 306 mL,Aseo,5000,10,,generated,True,/products/generated/downy-cool-cotton.webp,/catalog-sources/IMG_20261009_164949_1.jpg,
tide-simply,Tide Simply All in One 306 mL,Envase individual,Aseo,5000,10,,generated,True,/products/generated/tide-simply.webp,/catalog-sources/IMG_20261009_164949_1.jpg,
gain-ultra-oxi,Gain Ultra Oxi 306 mL,Envase individual,Aseo,5000,10,,generated,True,/products/generated/gain-ultra-oxi.webp,/catalog-sources/IMG_20261009_164949_1.jpg,
tide-free-gentle,Tide Free & Gentle 237 mL,Envase individual,Aseo,5000,10,,generated,True,/products/generated/tide-free-gentle.webp,/catalog-sources/IMG_20261009_164949_1.jpg,
tide-downy,Tide Ultra Downy,Envase individual,Aseo,5000,10,,generated,True,/products/generated/tide-downy.webp,/catalog-sources/IMG_20261009_164949_1.jpg,
magali-coco,Gel de baño Magali Coco,Unidad individual,Aseo,2300,10,,generated,True,/products/generated/magali-coco.webp,/catalog-sources/IMG_20261009_164957_1.jpg,
snonas-splash,Colonia S'nonas Splash 750 mL,Unidad individual,Aseo,3300,10,,generated,True,/products/generated/snonas-splash.webp,/catalog-sources/IMG_20261009_164957_1.jpg,
homebright-morado,Perlas aromáticas Homebright Lavender Vanilla,Envase morado,Aseo,4400,10,,generated,True,/products/generated/homebright-morado.webp,/catalog-sources/IMG_20261009_165030_1.jpg,
glade,Ambientador Glade,Ambientador en aerosol,Aseo,6000,10,,generated,True,/products/generated/glade.webp,/catalog-sources/IMG_20261009_165026_1.jpg,
ultra-deluxe-floral,Lavavajillas Ultra Deluxe Floral,Unidad individual,Aseo,3400,10,,generated,True,/products/generated/ultra-deluxe-floral.webp,/catalog-sources/IMG_20261009_165045.jpg,
dawn-watermelon,Dawn Powerwash Summer Watermelon,Unidad individual,Aseo,21500,10,,generated,True,/products/generated/dawn-watermelon.webp,/catalog-sources/IMG_20261009_165050_1.jpg,
dawn-tropical,Dawn Powerwash Tropical Blend,Unidad individual,Aseo,21500,10,,generated,True,/products/generated/dawn-tropical.webp,/catalog-sources/IMG_20261009_165050_1.jpg,
great-value-inodoro,Pastillas limpiadoras Great Value,Paquete de cuatro unidades,Aseo,3500,10,,generated,True,/products/generated/great-value-inodoro.webp,/catalog-sources/IMG_20261009_165114.jpg,
homebright-bleach,Pastillas Homebright Bleach 20 unidades,Unidad individual,Aseo,7000,10,,generated,True,/products/generated/homebright-bleach.webp,/catalog-sources/IMG_20261009_165120.jpg,
basura-gato,Bolsas de basura con diseño de gato,Rollo,Aseo,2500,10,,generated,True,/products/generated/basura-gato.webp,/catalog-sources/IMG_20261009_165148.jpg,
speed-stick-irish,Speed Stick Irish Spring 51 g,Unidad individual,Aseo,3500,10,,generated,True,/products/generated/speed-stick-irish.webp,/catalog-sources/IMG_20261009_165157.jpg,
lady-speed-stick,Lady Speed Stick Invisible Dry,Desodorante en barra,Aseo,3500,10,,generated,True,/products/generated/lady-speed-stick.webp,/catalog-sources/IMG_20261009_165157.jpg,
suave-tropical,Suave Tropical Citrus 28 g,Unidad individual,Aseo,3500,10,,generated,True,/products/generated/suave-tropical.webp,/catalog-sources/IMG_20261009_165157.jpg,
magali-dermo,Jabón de manos Magali Dermo,Jabón líquido de manos · Envase individual,Aseo,1800,10,,generated,True,/products/generated/magali-dermo.webp,/catalog-sources/IMG_20261009_165227.jpg,
magali-frutos-rojos,Jabón de manos Magali Frutos Rojos,Jabón líquido de manos · Envase individual,Aseo,1800,10,,generated,True,/products/generated/magali-frutos-rojos.webp,/catalog-sources/IMG_20261009_165227.jpg,
viking-active,Espuma Viking Active,Unidad individual,Aseo,4000,10,,generated,True,/products/generated/viking-active.webp,/catalog-sources/IMG_20261009_165236.jpg,
tango-azul,"Espuma Tango, envase azul",Espuma de afeitar · Envase individual,Aseo,1200,10,,generated,True,/products/generated/tango-azul.webp,/catalog-sources/IMG_20261009_165242.jpg,
luv-citrus,Crema de manos LuvFresh Citrus Blast,Blíster individual,Aseo,5500,10,,generated,True,/products/generated/luv-citrus.webp,/catalog-sources/IMG_20261009_165247.jpg,
nevada-papaya,Mascarilla Nevada Papaya,Unidad individual,Aseo,1000,10,,generated,True,/products/generated/nevada-papaya.webp,/catalog-sources/IMG_20261009_165303.jpg,
goraw-sunflower,Go Raw Sunflower Seeds Sea Salt,Sobre individual · Sea Salt,Frutos secos,250,10,,generated,True,/products/generated/goraw-sunflower.webp,/catalog-sources/IMG_20261009_165328.jpg,
goraw-pumpkin,Go Raw Pumpkin Seeds Sea Salt,Sobre individual · Sea Salt,Frutos secos,250,10,,generated,True,/products/generated/goraw-pumpkin.webp,/catalog-sources/IMG_20261009_165328.jpg,
aldi-sharks,ALDI Gummy Sharks Blue Raspberry,Unidad individual,Alimentos,3500,10,,generated,True,/products/generated/aldi-sharks.webp,/catalog-sources/IMG_20261009_165333.jpg,
sonic-pudding,Pudín Sonic Vanilla Shake,Unidad individual,Alimentos,3500,10,,generated,True,/products/generated/sonic-pudding.webp,/catalog-sources/IMG_20261009_165341.jpg,
boom-uva,Gelatina Boom Uva,Unidad individual,Alimentos,1550,10,,generated,True,/products/generated/boom-uva.webp,/catalog-sources/IMG_20261009_165345.jpg,
macrofood-naranja,Gelatina Macro Food Naranja,Unidad individual,Alimentos,1280,10,,generated,True,/products/generated/macrofood-naranja.webp,/catalog-sources/IMG_20261009_165347.jpg,
oli-uva,Gelatina Oli Uva,Unidad individual,Alimentos,530,10,,generated,True,/products/generated/oli-uva.webp,/catalog-sources/IMG_20261009_165353.jpg,
oli-lemon,Gelatina Oli Lemon,Unidad individual,Alimentos,530,10,,generated,True,/products/generated/oli-lemon.webp,/catalog-sources/IMG_20261009_165353.jpg,
oli-tutti,Gelatina Oli Tutti Frutti,Unidad individual,Alimentos,530,10,,generated,True,/products/generated/oli-tutti.webp,/catalog-sources/IMG_20261009_165353.jpg,
southern-dry-blue,Southern Grove Dry Roasted Peanuts Sea Salt,Maní tostado con sal marina · Frasco,Frutos secos,6500,10,,generated,True,/products/generated/southern-dry-blue.webp,/catalog-sources/IMG_20261009_165407.jpg,
vima-rellenas,Aceitunas verdes rellenas de pimiento Vima,Unidad individual,Conservas,13000,10,,generated,True,/products/generated/vima-rellenas.webp,/catalog-sources/IMG_20261009_165924.jpg,
kenko-bbq-mel,Salsa Barbecue Kenko Mel 370 g,Unidad individual,Alimentos,4200,10,,generated,True,/products/generated/kenko-bbq-mel-20261010.webp,/catalog-sources/IMG_20261009_165834.jpg,
kenko-bbq-americano,Salsa Barbecue Kenko Americano 370 g,Unidad individual,Alimentos,4200,10,,generated,True,/products/generated/kenko-bbq-americano.webp,/catalog-sources/IMG_20261009_165834.jpg,
burmans-spicy-mayo,Mayonesa Burman’s Spicy 354 mL,Unidad individual,Alimentos,5500,10,,generated,True,/products/generated/burmans-spicy-mayo.webp,/catalog-sources/IMG_20261009_165851.jpg,
kirkland-salted-mixed,Kirkland Extra Fancy Salted Mixed Nuts,Bolsa,Frutos secos,28000,10,,generated,True,/products/generated/kirkland-salted-mixed.webp,/catalog-sources/IMG_20261009_165602.jpg,
kirkland-unsalted-mixed,Kirkland Unsalted Mixed Nuts,Bolsa,Frutos secos,23000,10,,generated,True,/products/generated/kirkland-unsalted-mixed.webp,/catalog-sources/IMG_20261009_165602.jpg,
kirkland-keto-mix,Kirkland Keto Snack Mix,Bolsa,Frutos secos,22000,10,,generated,True,/products/generated/kirkland-keto-mix.webp,/catalog-sources/IMG_20261009_165602.jpg,
biena-edamame,Biena Edamame Himalayan Pink Salt,Bolsa,Frutos secos,12800,10,,generated,True,/products/generated/biena-edamame.webp,/catalog-sources/IMG_20261009_165604_1.jpg,
pockets-almonds,Pocket's Chocolates Greek Yogurt & Dark Chocolate Coated Almonds,Bolsa de 30 paquetes individuales,Frutos secos,20500,10,,generated,True,/products/generated/pockets-almonds.webp,/catalog-sources/IMG_20261009_165604_1.jpg,
monster-viking,Monster Juice Viking Berry,Lata individual,Bebidas,3000,10,,generated,True,/products/generated/monster-viking.webp,/catalog-sources/IMG_20261009_165615.jpg,
monster-pacific,Monster Juice Pacific Punch,Lata individual,Bebidas,3000,10,,generated,True,/products/generated/monster-pacific.webp,/catalog-sources/IMG_20261009_165615.jpg,
fattoria-guayaba,Néctar de guayaba Fattorie Crisci,Botella de vidrio,Bebidas,660,10,,generated,True,/products/generated/fattoria-guayaba.webp,/catalog-sources/IMG_20261009_165615.jpg,
cristal-botella,Cerveza Cristal,Botella de vidrio,Bebidas,1050,10,,generated,True,/products/generated/cristal-botella.webp,/catalog-sources/IMG_20261009_165618.jpg,
unlaguer-330,Cerveza Unlaguer,Lata,Bebidas,620,10,,generated,True,/products/generated/unlaguer-330.webp,/catalog-sources/IMG_20261009_165622.jpg,
arroz-blanco-bolsa,Arroz blanco en bolsa,Bolsa transparente,Alimentos,1000,10,,generated,True,/products/generated/arroz-blanco-bolsa.webp,/catalog-sources/IMG_20261009_170014.jpg,
trigo-bolsa-1kg,Harina de trigo,Bolsa de1kg,Alimentos,2100,10,,generated,True,/products/generated/trigo-bolsa-1kg.webp,/catalog-sources/IMG_20261009_170022.jpg,
trigo-gloria,Pan rallado Orena,Bolsa · 250 g,Alimentos,1300,10,,generated,True,/products/generated/trigo-gloria-20261010.webp,/catalog-sources/IMG_20261009_170022.jpg,
maicena-450,Maicena almidón de maíz,Bolsa450g,Alimentos,3000,10,,generated,True,/products/generated/maicena-450.webp,/catalog-sources/IMG_20261009_170022.jpg,
chefscupboard-buterry,Puré de papas Chef's Cupboard Buttery,Bolsa,Alimentos,1800,10,,generated,True,/products/generated/chefscupboard-buterry.webp,/catalog-sources/IMG_20261009_170027.jpg,
savvyfare-rice,Arroz Savvy Fare Roasted Chicken,Bolsa individual,Alimentos,2700,10,,generated,True,/products/generated/savvyfare-rice.webp,/catalog-sources/IMG_20261009_170038.jpg,
spanish-rice,Arroz Spanish Style Rice,Bolsa individual,Alimentos,2700,10,,generated,True,/products/generated/spanish-rice.webp,/catalog-sources/IMG_20261009_170038.jpg,
timeowise-rice,Arroz Time O'Wise Dirty Rice,Bolsa individual,Alimentos,2700,10,,generated,True,/products/generated/timeowise-rice.webp,/catalog-sources/IMG_20261009_170038.jpg,
santa-lasagna,Pasta Santa Lasagna,Caja,Alimentos,800,10,,generated,True,/products/generated/santa-lasagna.webp,/catalog-sources/IMG_20261009_170038.jpg,
marchi-salt,Sal yodada March,Envase cilíndrico,Alimentos,1800,10,,generated,True,/products/generated/marchi-salt.webp,/catalog-sources/IMG_20261009_170045.jpg,
torre-pink-salt,Sal rosada Torre de la Vega,Sal de los Andes,Alimentos,1700,10,,generated,True,/products/generated/torre-pink-salt.webp,/catalog-sources/IMG_20261009_170051.jpg,
taoro-guayaba,Néctar Taoro Guayaba,Lata,Bebidas,680,10,,generated,True,/products/generated/taoro-guayaba.webp,/catalog-sources/IMG_20261009_170105_1.jpg,
monster-pipeline,Monster Pipeline Punch,Lata individual,Bebidas,3000,10,,generated,True,/products/generated/monster-pipeline.webp,/catalog-sources/IMG_20261009_170108.jpg,
monster-mango,Monster Mango Loco,Lata individual,Bebidas,3000,10,,generated,True,/products/generated/monster-mango.webp,/catalog-sources/IMG_20261009_170108.jpg,
monster-tropical,Monster Ultra Tropical Punch,Lata individual,Bebidas,3000,10,,generated,True,/products/generated/monster-tropical.webp,/catalog-sources/IMG_20261009_170108.jpg,
boom-cola,Refresco Max Boom Boom Cola,Lata individual,Bebidas,750,10,,generated,True,/products/generated/boom-cola.webp,/catalog-sources/IMG_20261009_170126.jpg,
boom-lime,Refresco Max Boom Boom Lima-Limón,Lata individual,Bebidas,750,10,,generated,True,/products/generated/boom-lime.webp,/catalog-sources/IMG_20261009_170126.jpg,
sunny-tamarind,Néctar Sunny de tamarindo,Lata; tamarindo,Bebidas,900,10,,generated,True,/products/generated/sunny-tamarind.webp,/catalog-sources/IMG_20261009_170128.jpg,
shani,Refresco Shani,Lata roja,Bebidas,780,10,,generated,True,/products/generated/shani-20261010.webp,/catalog-sources/IMG_20261009_170152.jpg,
members-lemonpepper,Condimento Member's Mark Lemon Pepper,Member’s Mark · Frasco de 878 g,Alimentos,14000,10,,generated,True,/products/generated/members-lemonpepper.webp,/catalog-sources/IMG_20261009_170211.jpg,
members-redpepper,Pimiento rojo triturado Wellsley Farms,Crushed Red Pepper · Frasco de 383 g,Alimentos,6700,10,,generated,True,/products/generated/members-redpepper.webp,/catalog-sources/IMG_20261009_170211.jpg,
members-thyme,Tomillo en hojas Wellsley Farms,Whole Thyme Leaves · Frasco de 181 g,Alimentos,5500,10,,generated,True,/products/generated/members-thyme.webp,/catalog-sources/IMG_20261009_170211.jpg,
kitano-basil,Albahaca en hojas MasterChef,Manjericão em folha · Frasco de 200 g,Alimentos,4680,10,,generated,True,/products/generated/kitano-basil.webp,/catalog-sources/IMG_20261009_170211.jpg,
amanhecer-turmeric,Azafrán de las Indias molido Amanhecer,Frasco individual,Alimentos,1450,10,,generated,True,/products/generated/amanhecer-turmeric.webp,/catalog-sources/IMG_20261009_170217.jpg,
amanhecer-clove,Clavo Amanhecer,Frasco individual,Alimentos,1450,10,,generated,True,/products/generated/amanhecer-clove.webp,/catalog-sources/IMG_20261009_170217.jpg,
heavenly-garlic,Ajo en polvo Heavenly Spices,Frasco70g,Alimentos,2100,10,,generated,True,/products/generated/heavenly-garlic.webp,/catalog-sources/IMG_20261009_170217.jpg,
badia-oregano,Orégano Badia,Frasco individual,Alimentos,1450,10,,generated,True,/products/generated/badia-oregano.webp,/catalog-sources/IMG_20261009_170217.jpg,
amanhecer-parsley,Salsa em Folha Amanhecer,Frasco individual,Alimentos,1450,10,,generated,True,/products/generated/amanhecer-parsley.webp,/catalog-sources/IMG_20261009_170217.jpg,
carmencita-marisco,Molinillo Carmencita Marisco,Molinillo individual,Alimentos,3100,10,,generated,True,/products/generated/carmencita-marisco.webp,/catalog-sources/IMG_20261009_170217.jpg,
carmencita-bbq,Molinillo Carmencita Barbacoa,Molinillo individual,Alimentos,3100,10,,generated,True,/products/generated/carmencita-bbq.webp,/catalog-sources/IMG_20261009_170217.jpg,
carmencita-picante,Molinillo Carmencita Picante,Molinillo individual,Alimentos,3100,10,,generated,True,/products/generated/carmencita-picante.webp,/catalog-sources/IMG_20261009_170217.jpg,
carmencita-pollo,Molinillo Carmencita Pollo,Molinillo individual,Alimentos,3100,10,,generated,True,/products/generated/carmencita-pollo.webp,/catalog-sources/IMG_20261009_170217.jpg,
tomate-triturado,Tomate triturado en lata,Lata,Conservas,4500,10,,generated,True,/products/generated/tomate-triturado.webp,/catalog-sources/IMG_20261009_170222_1.jpg,
ragu-garlic,Salsa Ragu Roasted Garlic Parmesan,Frasco,Alimentos,6500,10,,generated,True,/products/generated/ragu-garlic.webp,/catalog-sources/IMG_20261009_170232.jpg,
mantias-parmesan,Queso parmesano Mantia's,Envase con tapa verde,Lácteos,4900,10,,generated,True,/products/generated/mantias-parmesan.webp,/catalog-sources/IMG_20261009_170232.jpg,
gv-cheddar-wow,Great Value Cheese Wow! Cheddar,Queso en aerosol · Envase individual,Lácteos,3000,10,,generated,True,/products/generated/gv-cheddar-wow.webp,/catalog-sources/IMG_20261009_170232.jpg,
gv-american-wow,Great Value Cheese Wow! American,Queso en aerosol · Envase individual,Lácteos,3000,10,,generated,True,/products/generated/gv-american-wow.webp,/catalog-sources/IMG_20261009_170232.jpg,
gv-extrasharp-wow,Great Value Cheese Wow! Cheddar,Queso en aerosol · 227 g,Lácteos,3000,10,,generated,True,/products/generated/gv-extrasharp-wow-20261010.webp,/catalog-sources/IMG_20261009_170232.jpg,
offley-white,Vino de Oporto Offley White,Botella,Bebidas,6000,10,,generated,True,/products/generated/offley-white-20261010.webp,/catalog-sources/IMG_20261009_170954_1.jpg,
gatonegro-white,Vino Gato Negro blanco,Botella,Bebidas,4000,10,,generated,True,/products/generated/gatonegro-white.webp,/catalog-sources/IMG_20261009_171001_1.jpg,
havana-ritual,Ron Havana Club Ritual Cubano,Botella70cl visible,Bebidas,5800,10,,generated,True,/products/generated/havana-ritual-20261010.webp,/catalog-sources/IMG_20261009_171010.jpg,
havana-especial,Ron Havana Club Añejo Especial,Botella,Bebidas,5900,10,,generated,True,/products/generated/havana-especial.webp,/catalog-sources/IMG_20261009_171010.jpg,
suau-15,Brandy Suau15,Reserva15,Bebidas,15000,10,,generated,True,/products/generated/suau-15.webp,/catalog-sources/IMG_20261009_171010.jpg,
suau-8,Brandy Suau8,Reserva8,Bebidas,8000,10,,generated,True,/products/generated/suau-8-20261010.webp,/catalog-sources/IMG_20261009_171010.jpg,
havana-reserva,Ron Havana Club Añejo Reserva,Botella,Bebidas,8500,10,,generated,True,/products/generated/havana-reserva-20261010.webp,/catalog-sources/IMG_20261009_171016.jpg,
planta-santa,Mezcal Planta Santa Reposado,700mL38%,Bebidas,13000,10,,generated,True,/products/generated/planta-santa-20261010.webp,/catalog-sources/IMG_20261009_171027.jpg,
gordons,Ginebra Gordon's London Dry,Botella,Bebidas,9000,10,,generated,True,/products/generated/gordons-20261010.webp,/catalog-sources/IMG_20261009_171027.jpg,
jodhpur-reserve,Ginebra Jodhpur Reserve,Botella oscura,Bebidas,9000,10,,generated,True,/products/generated/jodhpur-reserve-20261010.webp,/catalog-sources/IMG_20261009_171027.jpg,
jodhpur-mandore,Ginebra Jodhpur Mandore,Botella naranja,Bebidas,9000,10,,generated,True,/products/generated/jodhpur-mandore-20261010.webp,/catalog-sources/IMG_20261009_171027.jpg,
jodhpur-spicy,Ginebra Jodhpur Spicy,Botella rosa,Bebidas,9000,10,,generated,True,/products/generated/jodhpur-spicy-20261010.webp,/catalog-sources/IMG_20261009_171027.jpg,
santacarolina-rose,Vino Santa Carolina Reservado Rosé,Botella,Bebidas,5000,10,,generated,True,/products/generated/santacarolina-rose-20261010.webp,/catalog-sources/IMG_20261009_171031.jpg,
santacarolina-sauvignon,Vino Santa Carolina Reservado Sauvignon Blanc,Botella,Bebidas,5000,10,,generated,True,/products/generated/santacarolina-sauvignon-20261010.webp,/catalog-sources/IMG_20261009_171031.jpg,
celeste-verdejo,Vino Celeste Verdejo,Pago del Cielo,Bebidas,3500,10,,generated,True,/products/generated/celeste-verdejo-20261010.webp,/catalog-sources/IMG_20261009_171031.jpg,
vinasol,Vino Viña Sol Original,Torres,Bebidas,3500,10,,generated,True,/products/generated/vinasol-20261010.webp,/catalog-sources/IMG_20261009_171031.jpg,
vina-esmeralda,Vino Viña Esmeralda,Botella,Bebidas,4000,10,,generated,True,/products/generated/vina-esmeralda-20261010.webp,/catalog-sources/IMG_20261009_171031.jpg,
sangretoro-red,Vino Sangre de Toro Chardonnay Selection,Vino blanco Chardonnay · Botella,Bebidas,5000,10,,generated,True,/products/generated/sangretoro-red-20261010.webp,/catalog-sources/IMG_20261009_171034.jpg,
sangretoro-white,Vino Sangre de Toro blanco,Botella,Bebidas,5000,10,,generated,True,/products/generated/sangretoro-white-20261010.webp,/catalog-sources/IMG_20261009_171034.jpg,
sangretoro-rose,Vino Sangre de Toro rosado,Botella,Bebidas,5000,10,,generated,True,/products/generated/sangretoro-rose-20261010.webp,/catalog-sources/IMG_20261009_171036.jpg,
nestia-plantain,Chips de plátano Nezka Sea Salt,Frasco · 800 g,Alimentos,9100,10,,generated,True,/products/generated/nestia-plantain-20261010.webp,/catalog-sources/IMG_20261009_171154_1.jpg,
wapa-chorizo,Chorizo parrillero Wapa,Paquete500g,Charcutería,5300,10,,generated,True,/products/generated/wapa-chorizo-20261010.webp,/catalog-sources/IMG_20261009_171202_1.jpg,
wapa-butifarra,Butifarra Wapa,Paquete500g,Charcutería,5540,10,,generated,True,/products/generated/wapa-butifarra-20261010.webp,/catalog-sources/IMG_20261009_171202_1.jpg,
bolitas-queso,Bolitas de queso La Tabernita,Bandeja,Alimentos,4420,10,,generated,True,/products/generated/bolitas-queso-20261010.webp,/catalog-sources/IMG_20261009_171218_1.jpg,
hamburguesas-cerdo,Hamburguesas de cerdo Productos del Bodegón,Bandeja,Cárnicos,3568,10,,generated,True,/products/generated/hamburguesas-cerdo-20261010.webp,/catalog-sources/IMG_20261009_171221.jpg,
albondigas-cerdo,Albóndigas de cerdo Productos del Bodegón,Bandeja,Cárnicos,4960,10,,generated,True,/products/generated/albondigas-cerdo-20261010.webp,/catalog-sources/IMG_20261009_171221.jpg,
bravo-mortadela,Mortadela Bravo Criolla,Tubo800g,Charcutería,5060,10,,generated,True,/products/generated/bravo-mortadela-20261010.webp,/catalog-sources/IMG_20261009_171247.jpg,
bravo-jamon-york,Jamón Bravo York,Tubo800g,Charcutería,7015,10,,generated,True,/products/generated/bravo-jamon-york-20261010.webp,/catalog-sources/IMG_20261009_171605_1.jpg,
bravo-pasta-boca,Pasta de bocadito Bravo tradicional,Tubo,Charcutería,1720,10,,generated,True,/products/generated/bravo-pasta-boca-20261010.webp,/catalog-sources/IMG_20261009_171304.jpg,
renypicot-mantequilla,Queso para untar Reny Picot Tradicional,Tarrina · Queso para untar,Lácteos,2880,10,,generated,True,/products/generated/renypicot-mantequilla-20261010.webp,/catalog-sources/IMG_20261009_171306.jpg,
president-camembert,Queso Président Petit Camembert,Caja125g,Lácteos,4560,10,,generated,True,/products/generated/president-camembert-20261010.webp,/catalog-sources/IMG_20261009_171308_1.jpg,
pacto-navio,Ron Pacto Navio,Botella,Bebidas,20000,10,,generated,True,/products/generated/pacto-navio-20261010.webp,/catalog-sources/IMG_20261009_171321.jpg,
carafiestas,Tequililla Cazafiestas Milner Sello de Plata,Botella · Sello de Plata,Bebidas,8000,10,,generated,True,/products/generated/carafiestas-20261010.webp,/catalog-sources/IMG_20261009_171323_1.jpg,
altos-reposado,Tequila Altos Reposado,Botella,Bebidas,13140,10,,generated,True,/products/generated/altos-reposado-20261010.webp,/catalog-sources/IMG_20261009_171327.jpg,
olmeca-reposado,Tequila Olmeca Reposado,Botella,Bebidas,14180,10,,generated,True,/products/generated/olmeca-reposado-20261010.webp,/catalog-sources/IMG_20261009_171327.jpg,
jw-doubleblack,Whisky Johnnie Walker Double Black,Botella750mL,Bebidas,34520,10,,generated,True,/products/generated/jw-doubleblack-20261010.webp,/catalog-sources/IMG_20261009_171328_1.jpg,
glenlivet-founders,Whisky The Glenlivet Founder's Reserve,American Oak Selection,Bebidas,20850,10,,generated,True,/products/generated/glenlivet-founders-20261010.webp,/catalog-sources/IMG_20261009_171328_1.jpg,
jw-redlabel,Whisky Johnnie Walker Red Label,Botella,Bebidas,16000,10,,generated,True,/products/generated/jw-redlabel-20261010.webp,/catalog-sources/IMG_20261009_171331_1.jpg,
jw-bluelabel,Whisky Johnnie Walker Blue Label,Estuche y botella,Bebidas,280000,10,,generated,True,/products/generated/jw-bluelabel-20261010.webp,/catalog-sources/IMG_20261009_171331_1.jpg,
jameson,Whiskey Jameson,Botella,Bebidas,15900,10,,generated,True,/products/generated/jameson-20261010.webp,/catalog-sources/IMG_20261009_171335.jpg,
ballantines,Whisky Ballantine's Finest,Botella,Bebidas,5270,10,,generated,True,/products/generated/ballantines-20261010.webp,/catalog-sources/IMG_20261009_171335.jpg,
armageddon,Vodka Armagedon Premium,Botella azul,Bebidas,7600,10,,generated,True,/products/generated/armageddon-20261010.webp,/catalog-sources/IMG_20261009_171339.jpg,
absolut,Vodka Absolut,Botella,Bebidas,16020,10,,generated,True,/products/generated/absolut-20261010.webp,/catalog-sources/IMG_20261009_171339.jpg,
ciroc,Vodka Cîroc,Botella,Bebidas,24600,10,,generated,True,/products/generated/ciroc-20261010.webp,/catalog-sources/IMG_20261009_171339.jpg,
beefeater,Ginebra Beefeater London Dry,Botella,Bebidas,7400,10,,generated,True,/products/generated/beefeater-20261010.webp,/catalog-sources/IMG_20261009_171341.jpg,
tanqueray,Ginebra Tanqueray London Dry,Botella,Bebidas,9900,10,,generated,True,/products/generated/tanqueray-20261010.webp,/catalog-sources/IMG_20261009_171345.jpg,
santiago-11,Ron Santiago de Cuba11años,Botella,Bebidas,19400,10,,generated,True,/products/generated/santiago-11-20261010.webp,/catalog-sources/IMG_20261009_171345.jpg,
santiago-12,Ron Santiago de Cuba12años,Botella,Bebidas,22500,10,,generated,True,/products/generated/santiago-12-20261010.webp,/catalog-sources/IMG_20261009_171345.jpg,
santiago-8,Ron Santiago de Cuba8años,Botella,Bebidas,10400,10,,generated,True,/products/generated/santiago-8-20261010.webp,/catalog-sources/IMG_20261009_171348.jpg,
gain-flings-pequeno,Gain Flings Original 213 g,,Aseo,,10,pending,generated,True,/products/generated/gain-flings-pequeno.webp,/catalog-sources/IMG_20261009_164942_1.jpg,Dos paquetes similares junto a 5.000 y 7.000 CUP; falta distinguir presentación o precio.
snickers,Chocolate Snickers,,Alimentos,,10,pending,generated,True,/products/generated/snickers.webp,/catalog-sources/IMG_20261009_164921.jpg,Sin cartel propio legible.
mms,M&M's,,Alimentos,,10,pending,generated,True,/products/generated/mms.webp,/catalog-sources/IMG_20261009_164918_1.jpg,Sin cartel propio legible; falta presentación.
terrifik,Ambientador para lavavajillas Terrifik,,Aseo,,10,pending,generated,True,/products/generated/terrifik.webp,/catalog-sources/IMG_20261009_165004.jpg,No se ve precio propio.
palmolive,Gel de baño Palmolive Oliva Verde,,Aseo,,10,pending,generated,True,/products/generated/palmolive.webp,/catalog-sources/IMG_20261009_165026_1.jpg,No se ve precio propio ni volumen.
la-salud,Productos de limpieza La Salud,,Aseo,,10,pending,generated,True,/products/generated/la-salud.webp,/catalog-sources/IMG_20261009_165016_1.jpg,Se ven varias presentaciones y carteles; faltan frentes completos para asignar precios.
salud-antical-gel,Gel antical La Salud,,Aseo,,10,pending,generated,True,/products/generated/salud-antical-gel.webp,/catalog-sources/IMG_20261009_165036.jpg,Sin precio propio visible.
ultra-deluxe-citrus,Lavavajillas Ultra Deluxe Citrus,,Aseo,,10,pending,generated,True,/products/generated/ultra-deluxe-citrus.webp,/catalog-sources/IMG_20261009_165045.jpg,Precio compartido con Floral; confirmar aplicación y cifra.
actoner-mint,Enjuague bucal Actoner Mint Explosion 500 mL,,Aseo,,10,pending,generated,True,/products/generated/actoner-mint.webp,/catalog-sources/IMG_20261009_165106_1.jpg,Primera cifra del cartel inferior plegada; solo se ve terminación 000.
bastoncillos-pequenos,Bastoncillos de algodón envase pequeño,Envase pequeño,Aseo,,10,pending,generated,True,/products/generated/bastoncillos-pequenos.webp,/catalog-sources/IMG_20261009_165123_1.jpg,La etiqueta de 700 CUP corresponde al envase grande ya publicado. Confirmar precio del envase pequeño.
alident-kids,Pasta dental Alident Kids 100 g,,Aseo,,10,pending,generated,True,/products/generated/alident-kids.webp,/catalog-sources/IMG_20261009_165203.jpg,Cartel 1.500 situado delante de Astera; confirmar aplicación a Alident.
zuecos,Zuecos perforados,,Accesorios,,10,pending,generated,True,/products/generated/zuecos.webp,/catalog-sources/IMG_20261009_165211.jpg,"Confirmar par, modelo y tallas; varias unidades embolsadas."
panuelos,Pañuelos o servilletas blancas,,Aseo,,10,pending,generated,True,/products/generated/panuelos.webp,/catalog-sources/IMG_20261009_165219.jpg,Precio diferente entre tomas; confirmar tipo y cantidad.
magali-ambar,"Jabón de manos Magali, variante ámbar",,Aseo,,10,pending,generated,True,/products/generated/magali-ambar.webp,/catalog-sources/IMG_20261009_165227.jpg,Confirmar variante y precio propio.
multi-surface-wipes,Toallitas Multi Surface Peppermint Sage,,Aseo,,10,pending,generated,True,/products/generated/multi-surface-wipes.webp,/catalog-sources/IMG_20261009_165227.jpg,Sin precio propio visible; bote de 30 toallitas.
homebright-wipes,Toallitas Homebright,,Aseo,,10,pending,generated,True,/products/generated/homebright-wipes.webp,/catalog-sources/IMG_20261009_165227.jpg,Sin precio propio visible.
tango-rojo,"Espuma Tango, envase rojo",Espuma de afeitar · Envase individual,Aseo,,10,pending,generated,True,/products/generated/tango-rojo.webp,/catalog-sources/IMG_20261009_165236.jpg,Confirmar variante roja de Tango y su precio propio; no confundir con Personal Care Shave Cream.
crest-scope-drops,Crest Scope Breath Drops,,Aseo,,10,pending,generated,True,/products/generated/crest-scope-drops.webp,/catalog-sources/IMG_20261009_165236.jpg,Etiqueta cercana a crema de afeitar; confirmar precio del blíster.
esponjas,Esponjas multiuso,,Aseo,,10,pending,generated,True,/products/generated/esponjas.webp,/catalog-sources/IMG_20261009_165303.jpg,Presentación parcialmente oculta; confirmar precio y unidades.
rollos-hogar,Rollos rosados y lilas para el hogar,,Accesorios,,10,pending,generated,True,/products/generated/rollos-hogar.webp,/catalog-sources/IMG_20261009_165309.jpg,Confirmar tipo de producto y medidas.
acolchado-beige,Artículo acolchado beige,,Accesorios,,10,pending,generated,True,/products/generated/acolchado-beige.webp,/catalog-sources/IMG_20261009_165313.jpg,Confirmar tipo de producto y medidas.
sandalias,Sandalias de mujer,,Accesorios,,10,pending,generated,True,/products/generated/sandalias.webp,/catalog-sources/IMG_20261009_165321.jpg,"Etiqueta y unidad ambiguas; confirmar precio, modelo y tallas."
sour-punch-verde,"Sour Punch, bolsa verde",,Alimentos,,10,pending,generated,True,/products/generated/sour-punch-verde.webp,/catalog-sources/IMG_20261009_165333.jpg,Variante parcialmente oculta y sin precio propio.
granola-amarilla,Granola de bolsa amarilla,,Alimentos,,10,pending,generated,True,/products/generated/granola-amarilla.webp,/catalog-sources/IMG_20261009_165401.jpg,Envase parcialmente oculto y sin precio propio.
southern-dry-original,Southern Grove Dry Roasted Peanuts Original,,Frutos secos,,10,pending,generated,True,/products/generated/southern-dry-original.webp,/catalog-sources/IMG_20261009_165407.jpg,Confirmar precio propio del frasco con tapa roja.
gv-caramel-mix,Great Value Caramel Mountain Trail Mix,,Frutos secos,,10,pending,generated,True,/products/generated/gv-caramel-mix.webp,/catalog-sources/IMG_20261009_165423.jpg,Sin precio propio visible.
gv-honey-mix,Great Value Nut & Honey Trail Mix,,Frutos secos,,10,pending,generated,True,/products/generated/gv-honey-mix.webp,/catalog-sources/IMG_20261009_165423.jpg,Sin precio propio visible.
gv-omega-mix,Great Value Omega-3 Trail Mix,,Frutos secos,,10,pending,generated,True,/products/generated/gv-omega-mix.webp,/catalog-sources/IMG_20261009_165423.jpg,Sin precio propio visible.
wonderful-pistachios-680,Pistachos Wonderful Roasted & Salted 680 g,,Frutos secos,,10,pending,generated,True,/products/generated/wonderful-pistachios-680.webp,/catalog-sources/IMG_20261009_165430.jpg,Precio junto a otra presentación; confirmar precio de bolsa 24 oz.
sonatural-pesto,Pesto So Natural Basil,,Conservas,,10,pending,generated,True,/products/generated/sonatural-pesto.webp,/catalog-sources/IMG_20261009_165916.jpg,Etiqueta de precio bajo Trader Joe’s; confirmar precio propio.
vima-frutas,Cóctel de frutas Vima,,Conservas,,10,pending,generated,True,/products/generated/vima-frutas.webp,/catalog-sources/IMG_20261009_165940.jpg,Etiqueta bajo Fairhill; confirmar precio propio de Vima425g.
delcampo-garbanzos,Garbanzos Del Campo,,Alimentos,,10,pending,generated,True,/products/generated/delcampo-garbanzos.webp,/catalog-sources/IMG_20261009_165959.jpg,No hay precio propio visible; bolsa1lb.
arroz-torre,Arroz Torre de la Vega,,Alimentos,,10,pending,generated,True,/products/generated/arroz-torre.webp,/catalog-sources/IMG_20261009_165956.jpg,Bolsa en estante inferior; confirmar presentación y precio propios.
italpasta-fettuccine,Fettuccine Italpasta 900 g,,Alimentos,,10,pending,generated,True,/products/generated/italpasta-fettuccine.webp,/catalog-sources/IMG_20261009_165703.jpg,Foto en mano sin precio propio; no asignar precio de Pennine ni Primo.
aldaketa-ketchup,Ketchup Aldaketa 300 mL,,Alimentos,,10,pending,generated,True,/products/generated/aldaketa-ketchup.webp,/catalog-sources/IMG_20261009_165834.jpg,No tiene etiqueta propia visible.
burmans-sweetheat,Mostaza Burman’s Sweet & Heat 340 g,,Alimentos,,10,pending,generated,True,/products/generated/burmans-sweetheat.webp,/catalog-sources/IMG_20261009_165834.jpg,Precio2200 está debajo de Spicy Brown; no extenderlo a Sweet&Heat.
burmans-dill-mustard,Mostaza Burman’s Dill Pickle 340 g,,Alimentos,,10,pending,generated,True,/products/generated/burmans-dill-mustard.webp,/catalog-sources/IMG_20261009_165830.jpg,Etiqueta propia fuera de encuadre;1500 pertenece a Aldaketa.
cookies-bulk,Galletas redondas en bolsa,Bolsa transparente,Alimentos,,10,pending,generated,True,/products/generated/cookies-bulk.webp,/catalog-sources/IMG_20261009_170032.jpg,Confirmar contenido/peso de cada bolsa de galletas sin etiqueta.
white-bulk,Producto blanco en bolsa sin marca,Bolsa transparente,Alimentos,,10,pending,generated,True,/products/generated/white-bulk.webp,/catalog-sources/IMG_20261009_170047.jpg,Identificar el alimento y confirmar contenido por bolsa; el polvo blanco no se puede identificar por la foto.
sal-fina-azul,Sal fina en bolsa azul,Bolsa,Alimentos,,10,pending,generated,True,/products/generated/sal-fina-azul.webp,/catalog-sources/IMG_20261009_170054.jpg,Marca y precio pendientes
tropigusto-mango,Tropi Gusto Mango,Lata,Bebidas,,10,pending,generated,True,/products/generated/tropigusto-mango.webp,/catalog-sources/IMG_20261009_170110_1.jpg,Comparar tamaños y confirmar precio vigente
tropigusto-pineapple,Tropi Gusto Pineapple,Lata; piña,Bebidas,,10,pending,generated,True,/products/generated/tropigusto-pineapple.webp,/catalog-sources/IMG_20261009_170110_1.jpg,Confirmar tamaño y precio propio
tropigusto-banana,Tropi Gusto Banana,Lata,Bebidas,,10,pending,generated,True,/products/generated/tropigusto-banana.webp,/catalog-sources/IMG_20261009_170110_1.jpg,Comparar tamaños y confirmar precio vigente
tropigusto-peach,Tropi Gusto Peach,Lata; durazno,Bebidas,,10,pending,generated,True,/products/generated/tropigusto-peach.webp,/catalog-sources/IMG_20261009_170110_1.jpg,Confirmar tamaño y precio propio
bahamas-juice,Jugos Bahamas en caja,Cajas con pitillo,Bebidas,,10,pending,generated,True,/products/generated/bahamas-juice.webp,/catalog-sources/IMG_20261009_170114.jpg,Separar sabores y volumen con lectura de etiqueta
bali-juice,Jugos Bali en caja,Cajas con pitillo,Bebidas,,10,pending,generated,True,/products/generated/bali-juice.webp,/catalog-sources/IMG_20261009_170114.jpg,Separar sabores y volumen con lectura de etiqueta
water-whitecap,Agua embotellada sin marca legible,Botellas transparentes,Bebidas,,10,pending,generated,True,/products/generated/water-whitecap.webp,/catalog-sources/IMG_20261009_170117.jpg,Carteles sin asociación clara; no fijar precio
water-blue,Agua embotellada de etiqueta azul,Botella,Bebidas,,10,pending,generated,True,/products/generated/water-blue.webp,/catalog-sources/IMG_20261009_170131.jpg,Confirmar marca y volumen de la botella antes de distinguirla del agua de tapa blanca.
sunny-peach,Néctar Sunny Peach,Lata; durazno,Bebidas,,10,pending,generated,True,/products/generated/sunny-peach.webp,/catalog-sources/IMG_20261009_170157.jpg,No heredar precio de tamarindo
mccormick-montrealsteak,McCormick Grill Mates Montreal Steak,Frasco grande,Alimentos,,10,pending,generated,True,/products/generated/mccormick-montrealsteak.webp,/catalog-sources/IMG_20261009_170211.jpg,La etiqueta 14000 está bajo Montreal Chicken; falta precio propio de Montreal Steak.
homebrothers-bbq,Home Brothers KC Style BBQ Rub,Frasco92g,Alimentos,,10,pending,generated,True,/products/generated/homebrothers-bbq.webp,/catalog-sources/IMG_20261009_170217.jpg,No heredar1450
kingsford-lemon,Kingsford Lemon Pepper,Frasco,Alimentos,,10,pending,generated,True,/products/generated/kingsford-lemon.webp,/catalog-sources/IMG_20261009_170217.jpg,Precio propio no visible
morcilla,Morcilla congelada,Porciones al vacío,Alimentos,,10,pending,generated,True,/products/generated/morcilla.webp,/catalog-sources/IMG_20261009_171207.jpg,Marca peso y precio pendientes
bratwurst-cerdo,Bratwurst de cerdo congelado,Porciones al vacío,Alimentos,,10,pending,generated,True,/products/generated/bratwurst-cerdo.webp,/catalog-sources/IMG_20261009_171207.jpg,Marca peso y precio pendientes
bravo-jamon-barra,Jamón Bravo Barra,Pieza entera,Alimentos,,10,pending,generated,True,/products/generated/bravo-jamon-barra.webp,/catalog-sources/IMG_20261009_171251_1.jpg,Confirmar si 16370 CUP corresponde a la pieza entera o a una unidad de peso.
bravo-jamon-cocido,Jamón cocido Bravo,Pieza entera,Alimentos,,10,pending,generated,True,/products/generated/bravo-jamon-cocido.webp,/catalog-sources/IMG_20261009_171251_1.jpg,Confirmar si 17300 CUP corresponde a la pieza entera o a una unidad de peso.
queso-iberico,Queso ibérico porcionado,Bolsas al vacío,Alimentos,,10,pending,generated,True,/products/generated/queso-iberico.webp,/catalog-sources/IMG_20261009_171258.jpg,Peso y unidad de venta pendientes; no asumir por kg
president-brie,Queso Président Petit Brie,Caja125g,Alimentos,,10,pending,generated,True,/products/generated/president-brie.webp,/catalog-sources/IMG_20261009_171308_1.jpg,Cartel parcialmente tapado
havana-7,Ron Havana Club7años,Dos tamaños visibles,Bebidas,,10,pending,generated,True,/products/generated/havana-7.webp,/catalog-sources/IMG_20261009_171408.jpg,Leer volúmenes y asociar precio; una fila provisional de familia no dosSKU confirmados
res-molida,Carne de res molida,Bandejas de peso variable,Alimentos,,10,pending,generated,True,/products/generated/res-molida.webp,/catalog-sources/IMG_20261009_171446.jpg,"0,40kg3010CUP y0,31kg2330CUP; guardar precios por bandeja no fijar precioSKU ni inferir tarifa porkg"
bacon-slices,Bacon rebanado,Bolsas al vacío de peso variable,Alimentos,,10,pending,generated,True,/products/generated/bacon-slices.webp,/catalog-sources/IMG_20261009_171447_1.jpg,"Precios individuales observados:0,25kg4840;0,26kg5030;0,19kg3680;0,24kg4650;0,22kg4260. No fijar precio SKU ni inferir tarifa por kg"
valle-curado,Queso Valle de San Juan Curado,Rueda y porciones,Alimentos,,10,pending,generated,True,/products/generated/valle-curado.webp,/catalog-sources/IMG_20261009_171545_1.jpg,Precio por presentación pendiente; no heredar de queso azul
ribera-semicurado,Queso Ribera Semicurado,Rueda y porciones,Alimentos,,10,pending,generated,True,/products/generated/ribera-semicurado.webp,/catalog-sources/IMG_20261009_171545_1.jpg,Marca lectura Ribera; precio/peso propios pendientes
valle-trufa,Queso Valle de San Juan Con Trufa,Rueda y porciones,Alimentos,,10,pending,generated,True,/products/generated/valle-trufa.webp,/catalog-sources/IMG_20261009_171549.jpg,Vincular cada porción con marca y peso antes de precio
queso-azul-porcion,Queso azul porcionado,Bandejas al vacío,Alimentos,,10,pending,generated,True,/products/generated/queso-azul-porcion.webp,/catalog-sources/IMG_20261009_171545_1.jpg,"Marca no confirmada;0,24kg4620 y0,35kg6740 visibles; no asumir Roncari100g"
queso-vacio-generico,Queso porcionado al vacío sin marca legible,Bolsas,Alimentos,,10,pending,generated,True,/products/generated/queso-vacio-generico.webp,/catalog-sources/IMG_20261009_171552.jpg,3740 visible en varias; confirmar peso y marca; no precio porkg
hollandmar-mozzarella,Mozzarella HollandMar,Bloque verde grande,Alimentos,,10,pending,generated,True,/products/generated/hollandmar-mozzarella.webp,/catalog-sources/IMG_20261009_171601_1.jpg,Precio peso y lectura de marca pendientes
pate-bandeja,Paté en bandeja,Bandeja,Alimentos,,10,pending,generated,True,/products/generated/pate-bandeja.webp,/catalog-sources/IMG_20261009_171605_1.jpg,Identificar el contenido de la bandeja; no hay etiqueta que confirme que sea paté.
fiambre-lonchas,Fiambre en lonchas sin marca legible,Porciones al vacío,Alimentos,,10,pending,generated,True,/products/generated/fiambre-lonchas.webp,/catalog-sources/IMG_20261009_171605_1.jpg,Identidad pendiente; no confundir con resmolida/bacon
bravo-salami,Salami Bravo,Pieza entera,Alimentos,,10,pending,generated,True,/products/generated/bravo-salami.webp,/catalog-sources/IMG_20261009_171612.jpg,Peso y precio propios pendientes
bravo-bacon-bloque,Bacon Bravo en bloque,Bloque al vacío,Alimentos,,10,pending,generated,True,/products/generated/bravo-bacon-bloque.webp,/catalog-sources/IMG_20261009_171612.jpg,Peso y precio propios pendientes
eltoro-mortadela,Mortadela de pollo El Toro,Pieza entera,Alimentos,,10,pending,store-photo,True,/catalog-sources/IMG_20261009_171616_1.jpg,/catalog-sources/IMG_20261009_171616_1.jpg,Precio y peso fueraencuadre
frico-gouda,Queso Frico Gouda Mild,Cuñas en envoltorio,Alimentos,,10,pending,generated,True,/products/generated/frico-gouda.webp,/catalog-sources/IMG_20261009_171304.jpg,Peso y precio propios pendientes
natures-coconut-oil,Aceite de coco Nature's Promise Organic,Frasco,Alimentos,,10,pending,generated,True,/products/generated/natures-coconut-oil.webp,/catalog-sources/IMG_20261009_165457.jpg,Cartel compartido; confirmar precio y volumen propios
flakes-bulk,Producto laminado en bolsa sin marca,Bolsa transparente alta,Alimentos,,10,pending,generated,True,/products/generated/flakes-bulk.webp,/catalog-sources/IMG_20261009_165501.jpg,Identificar si es avena u otro cereal; no heredar1400
thatsit-blueberry,That's It Mini Fruit Bars Blueberry,Bolsa,Alimentos,,10,pending,store-photo,True,/catalog-sources/IMG_20261009_165521.jpg,/catalog-sources/IMG_20261009_165521.jpg,Peso y precio propios pendientes
trader-maple,Granola Trader Joe's Maple Pecan,Bolsa454g,Alimentos,,10,pending,generated,True,/products/generated/trader-maple.webp,/catalog-sources/IMG_20261009_165530.jpg,Sin cartel propio; no heredar8500 o8000
trader-salted-honey,Granola Trader Joe's Salted Almond Honey,Bolsa340g,Alimentos,,10,pending,generated,True,/products/generated/trader-salted-honey.webp,/catalog-sources/IMG_20261009_165530.jpg,Precio propio pendiente
hot-sauce,Salsa picante botella roja,Botella,Alimentos,,10,pending,generated,True,/products/generated/hot-sauce.webp,/catalog-sources/IMG_20261009_170250.jpg,Marca variante volumen y precio propios pendientes
italian-dressing,Aderezo italiano botella blanca,Botella,Alimentos,,10,pending,generated,True,/products/generated/italian-dressing.webp,/catalog-sources/IMG_20261009_170250.jpg,Confirmar identidad del aderezo de botella blanca y asociación con el precio 9000.
spray-oil,Aceite en spray,Envases con atomizador azul,Alimentos,,10,pending,generated,True,/products/generated/spray-oil.webp,/catalog-sources/IMG_20261009_170250.jpg,Separar marcas variedades y precio propio
vinagre-blanco,Vinagre blanco botella transparente,Botella,Alimentos,,10,pending,generated,True,/products/generated/vinagre-blanco.webp,/catalog-sources/IMG_20261009_170308_1.jpg,Confirmar que la botella transparente corresponda a vinagre blanco y su presentación.
millville-butter-syrup,Millville Butter Syrup,Botella,Alimentos,,10,pending,generated,True,/products/generated/millville-butter-syrup.webp,/catalog-sources/IMG_20261009_170314.jpg,Cartel de grupo; confirmar precio propio
millville-lite-syrup,Millville Lite Syrup,Botella,Alimentos,,10,pending,generated,True,/products/generated/millville-lite-syrup.webp,/catalog-sources/IMG_20261009_170314.jpg,Cartel de grupo; confirmar precio propio
fresco-maple,Fresco Maple Syrup,Botella,Alimentos,,10,pending,generated,True,/products/generated/fresco-maple.webp,/catalog-sources/IMG_20261009_170314.jpg,Cartel compartido; confirmar marca peso precio
vanilla-bottle,Vainilla botella amarilla,Botella,Alimentos,,10,pending,store-photo,True,/catalog-sources/IMG_20261009_170314.jpg,/catalog-sources/IMG_20261009_170314.jpg,Marca presentación y precio propios pendientes
sirape-bottle,Sirape botella dorada,Botella,Alimentos,,10,pending,generated,True,/products/generated/sirape-bottle.webp,/catalog-sources/IMG_20261009_170314.jpg,Marca sabor y precio propios pendientes
mermelada-amarilla,Mermelada frasco amarillo,Frasco,Alimentos,,10,pending,generated,True,/products/generated/mermelada-amarilla.webp,/catalog-sources/IMG_20261009_170320_1.jpg,Confirmar marca y sabor de la mermelada del frasco amarillo.
pampa-fruit-spread,Pampa Fruit Spread fresa y uva,Botellas539g; familia por separar,Alimentos,,10,pending,generated,True,/products/generated/pampa-fruit-spread.webp,/catalog-sources/IMG_20261009_170320_1.jpg,Separar fresa y uva y confirmar precio por sabor
cafe-frasco,Café instantáneo frasco rectangular,Tapones rojo y negro,Alimentos,,10,pending,generated,True,/products/generated/cafe-frasco.webp,/catalog-sources/IMG_20261009_170330.jpg,Separar marca y tamaño; no confirmar todos con5700
coffee-sebraz-other,Café Sebraz otra presentación,Bolsa roja,Alimentos,,10,pending,generated,True,/products/generated/coffee-sebraz-other.webp,/catalog-sources/IMG_20261009_170336.jpg,Determinar peso; no duplicar2500 sin confirmar formato
coffee-dark-bag,Café bolsa oscura,Bolsa,Alimentos,,10,pending,generated,True,/products/generated/coffee-dark-bag.webp,/catalog-sources/IMG_20261009_170341.jpg,Confirmar marca y presentación del café en bolsa oscura.
plumrose-lata,Producto Plumrose en lata,Lata amarilla,Conservas,,10,pending,store-photo,True,/catalog-sources/IMG_20261009_170410_1.jpg,/catalog-sources/IMG_20261009_170410_1.jpg,"Identificar el alimento dentro de la lata amarilla, no solo su marca."
novo-lata,Producto Novo en lata,Lata azul,Conservas,,10,pending,store-photo,True,/catalog-sources/IMG_20261009_170410_1.jpg,/catalog-sources/IMG_20261009_170410_1.jpg,"Identificar el alimento dentro de la lata azul, no solo su marca."
trasto-rollos,Galletas Trasto Roll,Tubos,Alimentos,,10,pending,generated,True,/products/generated/trasto-rollos.webp,/catalog-sources/IMG_20261009_170417.jpg,Variante y precio propios pendientes
candy-green-bottle,Golosina botella verde,Unidad,Alimentos,,10,pending,generated,True,/products/generated/candy-green-bottle.webp,/catalog-sources/IMG_20261009_170417.jpg,Marca denominación y precio propios pendientes
ricoss-280,Golosinas Ricoss280g,Cajas de colores,Alimentos,,10,pending,store-photo,True,/catalog-sources/IMG_20261009_170440_1.jpg,/catalog-sources/IMG_20261009_170440_1.jpg,Separar sabores y confirmar precio propio
fruit-straw-45,Golosina sabor fresa45g,Bolsa roja,Alimentos,,10,pending,generated,True,/products/generated/fruit-straw-45.webp,/catalog-sources/IMG_20261009_170447_1.jpg,Marca y unidad de venta pendientes; puedeprecio por tira
morgin-coconut,Morgin Coconut Wheat & Rice,Caja250g,Alimentos,,10,pending,store-photo,True,/catalog-sources/IMG_20261009_170540.jpg,/catalog-sources/IMG_20261009_170540.jpg,Confirmar cifra y denominación exacta
mms-caramel-bag,M&M's Caramel Cold Brew,Bolsa,Alimentos,,10,pending,generated,True,/products/generated/mms-caramel-bag.webp,/catalog-sources/IMG_20261009_170600.jpg,Confirmar precio propio y peso
mms-milk-jar,M&M's Milk Chocolate frasco,Frasco con tapa marrón,Alimentos,,10,pending,generated,True,/products/generated/mms-milk-jar.webp,/catalog-sources/IMG_20261009_170603.jpg,Precio del grupo; peso pendiente
simply-coconut-clusters,Simply Nature Organic Coconut Clusters,Bolsa,Alimentos,,10,pending,generated,True,/products/generated/simply-coconut-clusters.webp,/catalog-sources/IMG_20261009_170645.jpg,Peso y precio propios pendientes
vinaesmeralda-sparkling,Viña Esmeralda espumoso,Botella,Bebidas,,10,pending,generated,True,/products/generated/vinaesmeralda-sparkling.webp,/catalog-sources/IMG_20261009_170941.jpg,"Cartel5200 adyacente; confirmar precio propio, variedad y volumen"
misting-brut,Mistinguett Vallformosa espumoso,Botella,Bebidas,,10,pending,generated,True,/products/generated/misting-brut.webp,/catalog-sources/IMG_20261009_170941.jpg,Dos carteles5500/6000; separar variedades y precio propio
