sharedProductId,n,d,c,p,stock,priceStatus,imageKind,provisional,img,sourceImage,reason
gain-flings-pequeno,Gain Flings Original 213 g,,Aseo,,10,pending,store-photo,True,/catalog-sources/IMG_20261009_164942_1.jpg,/catalog-sources/IMG_20261009_164942_1.jpg,Dos paquetes similares junto a 5.000 y 7.000 CUP; falta distinguir presentación o precio.
snickers,Chocolate Snickers,,Alimentos,,10,pending,store-photo,True,/catalog-sources/IMG_20261009_164921.jpg,/catalog-sources/IMG_20261009_164921.jpg,Sin cartel propio legible.
mms,M&M's,,Alimentos,,10,pending,store-photo,True,/catalog-sources/IMG_20261009_164918_1.jpg,/catalog-sources/IMG_20261009_164918_1.jpg,Sin cartel propio legible; falta presentación.
terrifik,Ambientador para lavavajillas Terrifik,,Aseo,,10,pending,store-photo,True,/catalog-sources/IMG_20261009_165004.jpg,/catalog-sources/IMG_20261009_165004.jpg,No se ve precio propio.
palmolive,Gel de baño Palmolive Oliva Verde,,Aseo,,10,pending,store-photo,True,/catalog-sources/IMG_20261009_165026_1.jpg,/catalog-sources/IMG_20261009_165026_1.jpg,No se ve precio propio ni volumen.
la-salud,Productos de limpieza La Salud,,Aseo,,10,pending,store-photo,True,/catalog-sources/IMG_20261009_165016_1.jpg,/catalog-sources/IMG_20261009_165016_1.jpg,Se ven varias presentaciones y carteles; faltan frentes completos para asignar precios.
salud-antical-gel,Gel antical La Salud,,Aseo,,10,pending,store-photo,True,/catalog-sources/IMG_20261009_165036.jpg,/catalog-sources/IMG_20261009_165036.jpg,Sin precio propio visible.
ultra-deluxe-citrus,Lavavajillas Ultra Deluxe Citrus,,Aseo,,10,pending,store-photo,True,/catalog-sources/IMG_20261009_165045.jpg,/catalog-sources/IMG_20261009_165045.jpg,Precio compartido con Floral; confirmar aplicación y cifra.
actoner-mint,Enjuague bucal Actoner Mint Explosion 500 mL,,Aseo,,10,pending,store-photo,True,/catalog-sources/IMG_20261009_165106_1.jpg,/catalog-sources/IMG_20261009_165106_1.jpg,Primera cifra del cartel inferior plegada; solo se ve terminación 000.
bastoncillos-pequenos,Bastoncillos de algodón envase pequeño,Envase pequeño,Aseo,,10,pending,store-photo,True,/catalog-sources/IMG_20261009_165123_1.jpg,/catalog-sources/IMG_20261009_165123_1.jpg,La etiqueta de 700 CUP corresponde al envase grande ya publicado. Confirmar precio del envase pequeño.
alident-kids,Pasta dental Alident Kids 100 g,,Aseo,,10,pending,store-photo,True,/catalog-sources/IMG_20261009_165203.jpg,/catalog-sources/IMG_20261009_165203.jpg,Cartel 1.500 situado delante de Astera; confirmar aplicación a Alident.
zuecos,Zuecos perforados,,Accesorios,,10,pending,store-photo,True,/catalog-sources/IMG_20261009_165211.jpg,/catalog-sources/IMG_20261009_165211.jpg,"Confirmar par, modelo y tallas; varias unidades embolsadas."
panuelos,Pañuelos o servilletas blancas,,Aseo,,10,pending,store-photo,True,/catalog-sources/IMG_20261009_165219.jpg,/catalog-sources/IMG_20261009_165219.jpg,Precio diferente entre tomas; confirmar tipo y cantidad.
magali-ambar,"Jabón de manos Magali, variante ámbar",,Aseo,,10,pending,store-photo,True,/catalog-sources/IMG_20261009_165227.jpg,/catalog-sources/IMG_20261009_165227.jpg,Confirmar variante y precio propio.
multi-surface-wipes,Toallitas Multi Surface Peppermint Sage,,Aseo,,10,pending,store-photo,True,/catalog-sources/IMG_20261009_165227.jpg,/catalog-sources/IMG_20261009_165227.jpg,Sin precio propio visible; bote de 30 toallitas.
homebright-wipes,Toallitas Homebright,,Aseo,,10,pending,store-photo,True,/catalog-sources/IMG_20261009_165227.jpg,/catalog-sources/IMG_20261009_165227.jpg,Sin precio propio visible.
tango-rojo,"Espuma Tango, envase rojo",Espuma de afeitar · Envase individual,Aseo,,10,pending,store-photo,True,/catalog-sources/IMG_20261009_165236.jpg,/catalog-sources/IMG_20261009_165236.jpg,Confirmar variante roja de Tango y su precio propio; no confundir con Personal Care Shave Cream.
crest-scope-drops,Crest Scope Breath Drops,,Aseo,,10,pending,store-photo,True,/catalog-sources/IMG_20261009_165236.jpg,/catalog-sources/IMG_20261009_165236.jpg,Etiqueta cercana a crema de afeitar; confirmar precio del blíster.
esponjas,Esponjas multiuso,,Aseo,,10,pending,store-photo,True,/catalog-sources/IMG_20261009_165303.jpg,/catalog-sources/IMG_20261009_165303.jpg,Presentación parcialmente oculta; confirmar precio y unidades.
rollos-hogar,Rollos rosados y lilas para el hogar,,Accesorios,,10,pending,store-photo,True,/catalog-sources/IMG_20261009_165309.jpg,/catalog-sources/IMG_20261009_165309.jpg,Confirmar tipo de producto y medidas.
acolchado-beige,Artículo acolchado beige,,Accesorios,,10,pending,store-photo,True,/catalog-sources/IMG_20261009_165313.jpg,/catalog-sources/IMG_20261009_165313.jpg,Confirmar tipo de producto y medidas.
sandalias,Sandalias de mujer,,Accesorios,,10,pending,store-photo,True,/catalog-sources/IMG_20261009_165321.jpg,/catalog-sources/IMG_20261009_165321.jpg,"Etiqueta y unidad ambiguas; confirmar precio, modelo y tallas."
sour-punch-verde,"Sour Punch, bolsa verde",,Alimentos,,10,pending,store-photo,True,/catalog-sources/IMG_20261009_165333.jpg,/catalog-sources/IMG_20261009_165333.jpg,Variante parcialmente oculta y sin precio propio.
granola-amarilla,Granola de bolsa amarilla,,Alimentos,,10,pending,store-photo,True,/catalog-sources/IMG_20261009_165401.jpg,/catalog-sources/IMG_20261009_165401.jpg,Envase parcialmente oculto y sin precio propio.
southern-dry-original,Southern Grove Dry Roasted Peanuts Original,,Frutos secos,,10,pending,store-photo,True,/catalog-sources/IMG_20261009_165407.jpg,/catalog-sources/IMG_20261009_165407.jpg,Confirmar precio propio del frasco con tapa roja.
gv-caramel-mix,Great Value Caramel Mountain Trail Mix,,Frutos secos,,10,pending,store-photo,True,/catalog-sources/IMG_20261009_165423.jpg,/catalog-sources/IMG_20261009_165423.jpg,Sin precio propio visible.
gv-honey-mix,Great Value Nut & Honey Trail Mix,,Frutos secos,,10,pending,store-photo,True,/catalog-sources/IMG_20261009_165423.jpg,/catalog-sources/IMG_20261009_165423.jpg,Sin precio propio visible.
gv-omega-mix,Great Value Omega-3 Trail Mix,,Frutos secos,,10,pending,store-photo,True,/catalog-sources/IMG_20261009_165423.jpg,/catalog-sources/IMG_20261009_165423.jpg,Sin precio propio visible.
wonderful-pistachios-680,Pistachos Wonderful Roasted & Salted 680 g,,Frutos secos,,10,pending,store-photo,True,/catalog-sources/IMG_20261009_165430.jpg,/catalog-sources/IMG_20261009_165430.jpg,Precio junto a otra presentación; confirmar precio de bolsa 24 oz.
sonatural-pesto,Pesto So Natural Basil,,Conservas,,10,pending,store-photo,True,/catalog-sources/IMG_20261009_165916.jpg,/catalog-sources/IMG_20261009_165916.jpg,Etiqueta de precio bajo Trader Joe’s; confirmar precio propio.
vima-frutas,Cóctel de frutas Vima,,Conservas,,10,pending,store-photo,True,/catalog-sources/IMG_20261009_165940.jpg,/catalog-sources/IMG_20261009_165940.jpg,Etiqueta bajo Fairhill; confirmar precio propio de Vima425g.
delcampo-garbanzos,Garbanzos Del Campo,,Alimentos,,10,pending,store-photo,True,/catalog-sources/IMG_20261009_165959.jpg,/catalog-sources/IMG_20261009_165959.jpg,No hay precio propio visible; bolsa1lb.
arroz-torre,Arroz Torre de la Vega,,Alimentos,,10,pending,store-photo,True,/catalog-sources/IMG_20261009_165956.jpg,/catalog-sources/IMG_20261009_165956.jpg,Bolsa en estante inferior; confirmar presentación y precio propios.
italpasta-fettuccine,Fettuccine Italpasta 900 g,,Alimentos,,10,pending,store-photo,True,/catalog-sources/IMG_20261009_165703.jpg,/catalog-sources/IMG_20261009_165703.jpg,Foto en mano sin precio propio; no asignar precio de Pennine ni Primo.
aldaketa-ketchup,Ketchup Aldaketa 300 mL,,Alimentos,,10,pending,store-photo,True,/catalog-sources/IMG_20261009_165834.jpg,/catalog-sources/IMG_20261009_165834.jpg,No tiene etiqueta propia visible.
burmans-sweetheat,Mostaza Burman’s Sweet & Heat 340 g,,Alimentos,,10,pending,store-photo,True,/catalog-sources/IMG_20261009_165834.jpg,/catalog-sources/IMG_20261009_165834.jpg,Precio2200 está debajo de Spicy Brown; no extenderlo a Sweet&Heat.
burmans-dill-mustard,Mostaza Burman’s Dill Pickle 340 g,,Alimentos,,10,pending,store-photo,True,/catalog-sources/IMG_20261009_165830.jpg,/catalog-sources/IMG_20261009_165830.jpg,Etiqueta propia fuera de encuadre;1500 pertenece a Aldaketa.
cookies-bulk,Galletas redondas en bolsa,Bolsa transparente,Alimentos,,10,pending,store-photo,True,/catalog-sources/IMG_20261009_170032.jpg,/catalog-sources/IMG_20261009_170032.jpg,Confirmar contenido/peso de cada bolsa de galletas sin etiqueta.
white-bulk,Producto blanco en bolsa sin marca,Bolsa transparente,Alimentos,,10,pending,store-photo,True,/catalog-sources/IMG_20261009_170047.jpg,/catalog-sources/IMG_20261009_170047.jpg,Identificar el alimento y confirmar contenido por bolsa; el polvo blanco no se puede identificar por la foto.
sal-fina-azul,Sal fina en bolsa azul,Bolsa,Alimentos,,10,pending,store-photo,True,/catalog-sources/IMG_20261009_170054.jpg,/catalog-sources/IMG_20261009_170054.jpg,Marca y precio pendientes
tropigusto-mango,Tropi Gusto Mango,Lata,Bebidas,,10,pending,store-photo,True,/catalog-sources/IMG_20261009_170110_1.jpg,/catalog-sources/IMG_20261009_170110_1.jpg,Comparar tamaños y confirmar precio vigente
tropigusto-pineapple,Tropi Gusto Pineapple,Lata; piña,Bebidas,,10,pending,store-photo,True,/catalog-sources/IMG_20261009_170110_1.jpg,/catalog-sources/IMG_20261009_170110_1.jpg,Confirmar tamaño y precio propio
tropigusto-banana,Tropi Gusto Banana,Lata,Bebidas,,10,pending,store-photo,True,/catalog-sources/IMG_20261009_170110_1.jpg,/catalog-sources/IMG_20261009_170110_1.jpg,Comparar tamaños y confirmar precio vigente
tropigusto-peach,Tropi Gusto Peach,Lata; durazno,Bebidas,,10,pending,store-photo,True,/catalog-sources/IMG_20261009_170110_1.jpg,/catalog-sources/IMG_20261009_170110_1.jpg,Confirmar tamaño y precio propio
bahamas-juice,Jugos Bahamas en caja,Cajas con pitillo,Bebidas,,10,pending,store-photo,True,/catalog-sources/IMG_20261009_170114.jpg,/catalog-sources/IMG_20261009_170114.jpg,Separar sabores y volumen con lectura de etiqueta
bali-juice,Jugos Bali en caja,Cajas con pitillo,Bebidas,,10,pending,store-photo,True,/catalog-sources/IMG_20261009_170114.jpg,/catalog-sources/IMG_20261009_170114.jpg,Separar sabores y volumen con lectura de etiqueta
water-whitecap,Agua embotellada sin marca legible,Botellas transparentes,Bebidas,,10,pending,store-photo,True,/catalog-sources/IMG_20261009_170117.jpg,/catalog-sources/IMG_20261009_170117.jpg,Carteles sin asociación clara; no fijar precio
water-blue,Agua embotellada de etiqueta azul,Botella,Bebidas,,10,pending,store-photo,True,/catalog-sources/IMG_20261009_170131.jpg,/catalog-sources/IMG_20261009_170131.jpg,Confirmar marca y volumen de la botella antes de distinguirla del agua de tapa blanca.
sunny-peach,Néctar Sunny Peach,Lata; durazno,Bebidas,,10,pending,store-photo,True,/catalog-sources/IMG_20261009_170157.jpg,/catalog-sources/IMG_20261009_170157.jpg,No heredar precio de tamarindo
mccormick-montrealsteak,McCormick Grill Mates Montreal Steak,Frasco grande,Alimentos,,10,pending,store-photo,True,/catalog-sources/IMG_20261009_170211.jpg,/catalog-sources/IMG_20261009_170211.jpg,La etiqueta 14000 está bajo Montreal Chicken; falta precio propio de Montreal Steak.
homebrothers-bbq,Home Brothers KC Style BBQ Rub,Frasco92g,Alimentos,,10,pending,store-photo,True,/catalog-sources/IMG_20261009_170217.jpg,/catalog-sources/IMG_20261009_170217.jpg,No heredar1450
kingsford-lemon,Kingsford Lemon Pepper,Frasco,Alimentos,,10,pending,store-photo,True,/catalog-sources/IMG_20261009_170217.jpg,/catalog-sources/IMG_20261009_170217.jpg,Precio propio no visible
morcilla,Morcilla congelada,Porciones al vacío,Alimentos,,10,pending,store-photo,True,/catalog-sources/IMG_20261009_171207.jpg,/catalog-sources/IMG_20261009_171207.jpg,Marca peso y precio pendientes
bratwurst-cerdo,Bratwurst de cerdo congelado,Porciones al vacío,Alimentos,,10,pending,store-photo,True,/catalog-sources/IMG_20261009_171207.jpg,/catalog-sources/IMG_20261009_171207.jpg,Marca peso y precio pendientes
bravo-jamon-barra,Jamón Bravo Barra,Pieza entera,Alimentos,,10,pending,store-photo,True,/catalog-sources/IMG_20261009_171251_1.jpg,/catalog-sources/IMG_20261009_171251_1.jpg,Confirmar si 16370 CUP corresponde a la pieza entera o a una unidad de peso.
bravo-jamon-cocido,Jamón cocido Bravo,Pieza entera,Alimentos,,10,pending,store-photo,True,/catalog-sources/IMG_20261009_171251_1.jpg,/catalog-sources/IMG_20261009_171251_1.jpg,Confirmar si 17300 CUP corresponde a la pieza entera o a una unidad de peso.
queso-iberico,Queso ibérico porcionado,Bolsas al vacío,Alimentos,,10,pending,store-photo,True,/catalog-sources/IMG_20261009_171258.jpg,/catalog-sources/IMG_20261009_171258.jpg,Peso y unidad de venta pendientes; no asumir por kg
president-brie,Queso Président Petit Brie,Caja125g,Alimentos,,10,pending,store-photo,True,/catalog-sources/IMG_20261009_171308_1.jpg,/catalog-sources/IMG_20261009_171308_1.jpg,Cartel parcialmente tapado
havana-7,Ron Havana Club7años,Dos tamaños visibles,Bebidas,,10,pending,store-photo,True,/catalog-sources/IMG_20261009_171408.jpg,/catalog-sources/IMG_20261009_171408.jpg,Leer volúmenes y asociar precio; una fila provisional de familia no dosSKU confirmados
res-molida,Carne de res molida,Bandejas de peso variable,Alimentos,,10,pending,store-photo,True,/catalog-sources/IMG_20261009_171446.jpg,/catalog-sources/IMG_20261009_171446.jpg,"0,40kg3010CUP y0,31kg2330CUP; guardar precios por bandeja no fijar precioSKU ni inferir tarifa porkg"
bacon-slices,Bacon rebanado,Bolsas al vacío de peso variable,Alimentos,,10,pending,store-photo,True,/catalog-sources/IMG_20261009_171447_1.jpg,/catalog-sources/IMG_20261009_171447_1.jpg,"Precios individuales observados:0,25kg4840;0,26kg5030;0,19kg3680;0,24kg4650;0,22kg4260. No fijar precio SKU ni inferir tarifa por kg"
valle-curado,Queso Valle de San Juan Curado,Rueda y porciones,Alimentos,,10,pending,store-photo,True,/catalog-sources/IMG_20261009_171545_1.jpg,/catalog-sources/IMG_20261009_171545_1.jpg,Precio por presentación pendiente; no heredar de queso azul
ribera-semicurado,Queso Ribera Semicurado,Rueda y porciones,Alimentos,,10,pending,store-photo,True,/catalog-sources/IMG_20261009_171545_1.jpg,/catalog-sources/IMG_20261009_171545_1.jpg,Marca lectura Ribera; precio/peso propios pendientes
valle-trufa,Queso Valle de San Juan Con Trufa,Rueda y porciones,Alimentos,,10,pending,store-photo,True,/catalog-sources/IMG_20261009_171549.jpg,/catalog-sources/IMG_20261009_171549.jpg,Vincular cada porción con marca y peso antes de precio
queso-azul-porcion,Queso azul porcionado,Bandejas al vacío,Alimentos,,10,pending,store-photo,True,/catalog-sources/IMG_20261009_171545_1.jpg,/catalog-sources/IMG_20261009_171545_1.jpg,"Marca no confirmada;0,24kg4620 y0,35kg6740 visibles; no asumir Roncari100g"
queso-vacio-generico,Queso porcionado al vacío sin marca legible,Bolsas,Alimentos,,10,pending,store-photo,True,/catalog-sources/IMG_20261009_171552.jpg,/catalog-sources/IMG_20261009_171552.jpg,3740 visible en varias; confirmar peso y marca; no precio porkg
hollandmar-mozzarella,Mozzarella HollandMar,Bloque verde grande,Alimentos,,10,pending,store-photo,True,/catalog-sources/IMG_20261009_171601_1.jpg,/catalog-sources/IMG_20261009_171601_1.jpg,Precio peso y lectura de marca pendientes
pate-bandeja,Paté en bandeja,Bandeja,Alimentos,,10,pending,store-photo,True,/catalog-sources/IMG_20261009_171605_1.jpg,/catalog-sources/IMG_20261009_171605_1.jpg,Identificar el contenido de la bandeja; no hay etiqueta que confirme que sea paté.
fiambre-lonchas,Fiambre en lonchas sin marca legible,Porciones al vacío,Alimentos,,10,pending,store-photo,True,/catalog-sources/IMG_20261009_171605_1.jpg,/catalog-sources/IMG_20261009_171605_1.jpg,Identidad pendiente; no confundir con resmolida/bacon
bravo-salami,Salami Bravo,Pieza entera,Alimentos,,10,pending,store-photo,True,/catalog-sources/IMG_20261009_171612.jpg,/catalog-sources/IMG_20261009_171612.jpg,Peso y precio propios pendientes
bravo-bacon-bloque,Bacon Bravo en bloque,Bloque al vacío,Alimentos,,10,pending,store-photo,True,/catalog-sources/IMG_20261009_171612.jpg,/catalog-sources/IMG_20261009_171612.jpg,Peso y precio propios pendientes
eltoro-mortadela,Mortadela de pollo El Toro,Pieza entera,Alimentos,,10,pending,store-photo,True,/catalog-sources/IMG_20261009_171616_1.jpg,/catalog-sources/IMG_20261009_171616_1.jpg,Precio y peso fueraencuadre
frico-gouda,Queso Frico Gouda Mild,Cuñas en envoltorio,Alimentos,,10,pending,store-photo,True,/catalog-sources/IMG_20261009_171304.jpg,/catalog-sources/IMG_20261009_171304.jpg,Peso y precio propios pendientes
natures-coconut-oil,Aceite de coco Nature's Promise Organic,Frasco,Alimentos,,10,pending,store-photo,True,/catalog-sources/IMG_20261009_165457.jpg,/catalog-sources/IMG_20261009_165457.jpg,Cartel compartido; confirmar precio y volumen propios
flakes-bulk,Producto laminado en bolsa sin marca,Bolsa transparente alta,Alimentos,,10,pending,store-photo,True,/catalog-sources/IMG_20261009_165501.jpg,/catalog-sources/IMG_20261009_165501.jpg,Identificar si es avena u otro cereal; no heredar1400
thatsit-blueberry,That's It Mini Fruit Bars Blueberry,Bolsa,Alimentos,,10,pending,store-photo,True,/catalog-sources/IMG_20261009_165521.jpg,/catalog-sources/IMG_20261009_165521.jpg,Peso y precio propios pendientes
trader-maple,Granola Trader Joe's Maple Pecan,Bolsa454g,Alimentos,,10,pending,store-photo,True,/catalog-sources/IMG_20261009_165530.jpg,/catalog-sources/IMG_20261009_165530.jpg,Sin cartel propio; no heredar8500 o8000
trader-salted-honey,Granola Trader Joe's Salted Almond Honey,Bolsa340g,Alimentos,,10,pending,store-photo,True,/catalog-sources/IMG_20261009_165530.jpg,/catalog-sources/IMG_20261009_165530.jpg,Precio propio pendiente
hot-sauce,Salsa picante botella roja,Botella,Alimentos,,10,pending,store-photo,True,/catalog-sources/IMG_20261009_170250.jpg,/catalog-sources/IMG_20261009_170250.jpg,Marca variante volumen y precio propios pendientes
italian-dressing,Aderezo italiano botella blanca,Botella,Alimentos,,10,pending,store-photo,True,/catalog-sources/IMG_20261009_170250.jpg,/catalog-sources/IMG_20261009_170250.jpg,Confirmar identidad del aderezo de botella blanca y asociación con el precio 9000.
spray-oil,Aceite en spray,Envases con atomizador azul,Alimentos,,10,pending,store-photo,True,/catalog-sources/IMG_20261009_170250.jpg,/catalog-sources/IMG_20261009_170250.jpg,Separar marcas variedades y precio propio
vinagre-blanco,Vinagre blanco botella transparente,Botella,Alimentos,,10,pending,store-photo,True,/catalog-sources/IMG_20261009_170308_1.jpg,/catalog-sources/IMG_20261009_170308_1.jpg,Confirmar que la botella transparente corresponda a vinagre blanco y su presentación.
millville-butter-syrup,Millville Butter Syrup,Botella,Alimentos,,10,pending,store-photo,True,/catalog-sources/IMG_20261009_170314.jpg,/catalog-sources/IMG_20261009_170314.jpg,Cartel de grupo; confirmar precio propio
millville-lite-syrup,Millville Lite Syrup,Botella,Alimentos,,10,pending,store-photo,True,/catalog-sources/IMG_20261009_170314.jpg,/catalog-sources/IMG_20261009_170314.jpg,Cartel de grupo; confirmar precio propio
fresco-maple,Fresco Maple Syrup,Botella,Alimentos,,10,pending,store-photo,True,/catalog-sources/IMG_20261009_170314.jpg,/catalog-sources/IMG_20261009_170314.jpg,Cartel compartido; confirmar marca peso precio
vanilla-bottle,Vainilla botella amarilla,Botella,Alimentos,,10,pending,store-photo,True,/catalog-sources/IMG_20261009_170314.jpg,/catalog-sources/IMG_20261009_170314.jpg,Marca presentación y precio propios pendientes
sirape-bottle,Sirape botella dorada,Botella,Alimentos,,10,pending,store-photo,True,/catalog-sources/IMG_20261009_170314.jpg,/catalog-sources/IMG_20261009_170314.jpg,Marca sabor y precio propios pendientes
mermelada-amarilla,Mermelada frasco amarillo,Frasco,Alimentos,,10,pending,store-photo,True,/catalog-sources/IMG_20261009_170320_1.jpg,/catalog-sources/IMG_20261009_170320_1.jpg,Confirmar marca y sabor de la mermelada del frasco amarillo.
pampa-fruit-spread,Pampa Fruit Spread fresa y uva,Botellas539g; familia por separar,Alimentos,,10,pending,store-photo,True,/catalog-sources/IMG_20261009_170320_1.jpg,/catalog-sources/IMG_20261009_170320_1.jpg,Separar fresa y uva y confirmar precio por sabor
cafe-frasco,Café instantáneo frasco rectangular,Tapones rojo y negro,Alimentos,,10,pending,store-photo,True,/catalog-sources/IMG_20261009_170330.jpg,/catalog-sources/IMG_20261009_170330.jpg,Separar marca y tamaño; no confirmar todos con5700
coffee-sebraz-other,Café Sebraz otra presentación,Bolsa roja,Alimentos,,10,pending,store-photo,True,/catalog-sources/IMG_20261009_170336.jpg,/catalog-sources/IMG_20261009_170336.jpg,Determinar peso; no duplicar2500 sin confirmar formato
coffee-dark-bag,Café bolsa oscura,Bolsa,Alimentos,,10,pending,store-photo,True,/catalog-sources/IMG_20261009_170341.jpg,/catalog-sources/IMG_20261009_170341.jpg,Confirmar marca y presentación del café en bolsa oscura.
plumrose-lata,Producto Plumrose en lata,Lata amarilla,Conservas,,10,pending,store-photo,True,/catalog-sources/IMG_20261009_170410_1.jpg,/catalog-sources/IMG_20261009_170410_1.jpg,"Identificar el alimento dentro de la lata amarilla, no solo su marca."
novo-lata,Producto Novo en lata,Lata azul,Conservas,,10,pending,store-photo,True,/catalog-sources/IMG_20261009_170410_1.jpg,/catalog-sources/IMG_20261009_170410_1.jpg,"Identificar el alimento dentro de la lata azul, no solo su marca."
trasto-rollos,Galletas Trasto Roll,Tubos,Alimentos,,10,pending,store-photo,True,/catalog-sources/IMG_20261009_170417.jpg,/catalog-sources/IMG_20261009_170417.jpg,Variante y precio propios pendientes
candy-green-bottle,Golosina botella verde,Unidad,Alimentos,,10,pending,store-photo,True,/catalog-sources/IMG_20261009_170417.jpg,/catalog-sources/IMG_20261009_170417.jpg,Marca denominación y precio propios pendientes
ricoss-280,Golosinas Ricoss280g,Cajas de colores,Alimentos,,10,pending,store-photo,True,/catalog-sources/IMG_20261009_170440_1.jpg,/catalog-sources/IMG_20261009_170440_1.jpg,Separar sabores y confirmar precio propio
fruit-straw-45,Golosina sabor fresa45g,Bolsa roja,Alimentos,,10,pending,store-photo,True,/catalog-sources/IMG_20261009_170447_1.jpg,/catalog-sources/IMG_20261009_170447_1.jpg,Marca y unidad de venta pendientes; puedeprecio por tira
morgin-coconut,Morgin Coconut Wheat & Rice,Caja250g,Alimentos,,10,pending,store-photo,True,/catalog-sources/IMG_20261009_170540.jpg,/catalog-sources/IMG_20261009_170540.jpg,Confirmar cifra y denominación exacta
mms-caramel-bag,M&M's Caramel Cold Brew,Bolsa,Alimentos,,10,pending,store-photo,True,/catalog-sources/IMG_20261009_170600.jpg,/catalog-sources/IMG_20261009_170600.jpg,Confirmar precio propio y peso
mms-milk-jar,M&M's Milk Chocolate frasco,Frasco con tapa marrón,Alimentos,,10,pending,store-photo,True,/catalog-sources/IMG_20261009_170603.jpg,/catalog-sources/IMG_20261009_170603.jpg,Precio del grupo; peso pendiente
simply-coconut-clusters,Simply Nature Organic Coconut Clusters,Bolsa,Alimentos,,10,pending,store-photo,True,/catalog-sources/IMG_20261009_170645.jpg,/catalog-sources/IMG_20261009_170645.jpg,Peso y precio propios pendientes
vinaesmeralda-sparkling,Viña Esmeralda espumoso,Botella,Bebidas,,10,pending,store-photo,True,/catalog-sources/IMG_20261009_170941.jpg,/catalog-sources/IMG_20261009_170941.jpg,"Cartel5200 adyacente; confirmar precio propio, variedad y volumen"
misting-brut,Mistinguett Vallformosa espumoso,Botella,Bebidas,,10,pending,store-photo,True,/catalog-sources/IMG_20261009_170941.jpg,/catalog-sources/IMG_20261009_170941.jpg,Dos carteles5500/6000; separar variedades y precio propio
